E-nummer,Internationalt navn,Dansk kaldenavn,Funktion,Risici,Forskningsafsnit,Link,Kilde
E100,Curcumin,"Gurkemeje, gurkemejefarve",Farvestof (gul-orange),Ingen dokumenteret EU-specifik advarsel; vurderes sikkert inden for fastsat ADI (0-3 mg/kg kropsvægt/dag).,EFSA genvurderede curcumin i 2010 og bekræftede sikkerheden ved fastsat ADI; ingen påvist genotoksicitet eller kræftrisiko ved normalt forbrug.,https://www.efsa.europa.eu/en/efsajournal/pub/1679,EFSA (2010-udtalelse)
E101(i),Riboflavin,"Vitamin B2, laktoflavin",Farvestof (gul); også vitamintilsætning,"Ingen dokumenteret EU-specifik advarsel; naturligt forekommende vitamin, vurderes sikkert.",EFSA-genvurdering fandt ingen sikkerhedsproblemer ved anvendelse som farvestof.,https://www.efsa.europa.eu/en/efsajournal/pub/2249,EFSA (Reg. 1333/2008)
E101(ii),Riboflavin-5'-fosfat (natriumsalt),Vitamin B2-fosfat,Farvestof (gul); også vitamintilsætning,Ingen dokumenteret EU-specifik advarsel; vurderes sikkert inden for fastsat ADI.,EFSA-genvurdering (2013) bekræftede sikkerheden af riboflavin-5'-fosfat som farvestof.,https://www.efsa.europa.eu/en/efsajournal/pub/2249,EFSA (2013-udtalelse)
E102,Tartrazin,"Gul 5, FD&C Yellow No. 5","Farvestof (gul, syntetisk azofarve)","Omfattet af EU's lovpligtige advarselsmærkning: ""kan have en ugunstig indvirkning på børns aktivitet og opmærksomhed"" (Reg. 1333/2008, bilag V). Kan udløse overfølsomhedsreaktioner hos personer med aspirin-følsomhed/astma.","En af de såkaldte ""Southampton seks"" azofarvestoffer; Southampton-universitetets 2007-studie fandt sammenhæng mellem blanding af disse farvestoffer og hyperaktivitet hos børn, hvilket førte til den obligatoriske EU-mærkning.",https://www.efsa.europa.eu/en/topics/topic/food-colours,EU-forordning 1333/2008 / EFSA
E104,Chinolingult,Quinoline Yellow,"Farvestof (gul, syntetisk)","Omfattet af EU's lovpligtige advarselsmærkning: ""kan have en ugunstig indvirkning på børns aktivitet og opmærksomhed"" (Southampton-seks).",En af de seks azo-/syntetiske farvestoffer omfattet af Southampton-studiets mærkningskrav.,https://www.efsa.europa.eu/en/topics/topic/food-colours,EU-forordning 1333/2008 / EFSA
E110,Sunset Yellow FCF,"Orange Yellow S, Gul-orange S","Farvestof (orange, syntetisk azofarve)",Omfattet af EU's lovpligtige advarselsmærkning (Southampton-seks). Kan udløse overfølsomhedsreaktioner hos aspirin-følsomme personer.,EFSA sænkede i 2009 den acceptable daglige indtagelse (ADI) for Sunset Yellow FCF på baggrund af en genvurdering af toksikologiske data.,https://www.efsa.europa.eu/en/efsajournal/pub/1330,EFSA (2009-udtalelse)
E120,Cochenille,"Karmin, karminsyre, Natural Red 4",Farvestof (rød),"Kan udløse allergiske reaktioner hos meget følsomme personer; udvindes af skjoldlus (insekt), hvilket er relevant for vegetarer/veganere og visse religiøse kosthold.",EFSA genvurderede cochenille/karmin i 2015 og bekræftede en gruppe-ADI uden nye sikkerhedsbekymringer ud over kendte allergirisici.,https://www.efsa.europa.eu/en/efsajournal/pub/4288,EFSA (2015-udtalelse)
E122,Azorubin,"Carmoisin, Karmoisin","Farvestof (rød, syntetisk azofarve)",Omfattet af EU's lovpligtige advarselsmærkning (Southampton-seks).,En af de seks farvestoffer omfattet af Southampton-studiets mærkningskrav; EFSA genvurderede stoffet i 2009 uden at ændre godkendelsen.,https://www.efsa.europa.eu/en/efsajournal/pub/1332,EFSA (2009-udtalelse)
E123,Amarant,Amaranth,"Farvestof (rød, syntetisk azofarve)","Ikke en del af Southampton-seks, men underlagt streng ADI; forbudt i visse anvendelser i lande uden for EU (fx USA).",EFSA-genvurdering bekræftede fortsat godkendelse i EU med fastsat ADI; begrænset til meget få fødevarekategorier (bl.a. visse spiritusprodukter).,https://www.efsa.europa.eu/en/topics/topic/food-colours,EU-forordning 1333/2008 / EFSA
E124,Ponceau 4R,"Cochenillerødt A, Cochineal Red A","Farvestof (rød, syntetisk azofarve)",Omfattet af EU's lovpligtige advarselsmærkning (Southampton-seks).,En af de seks farvestoffer omfattet af Southampton-studiets mærkningskrav.,https://www.efsa.europa.eu/en/topics/topic/food-colours,EU-forordning 1333/2008 / EFSA
E127,Erythrosin,Erythrosine,Farvestof (rød),Begrænset i EU til meget få anvendelser (bl.a. cocktailbær og kandiserede kirsebær); EFSA har rejst spørgsmål om jodindhold og mulig påvirkning af skjoldbruskkirtlen ved høje indtag.,EFSA's genvurdering i 2011 sænkede den acceptable daglige indtagelse på grund af uafklarede spørgsmål om bl.a. skjoldbruskkirtelpåvirkning; stoffet er derfor stærkt anvendelsesbegrænset i EU.,https://www.efsa.europa.eu/en/efsajournal/pub/1854,EFSA (2011-udtalelse)
E129,Allurarødt AC,Allura Red AC,"Farvestof (rød, syntetisk azofarve)",Omfattet af EU's lovpligtige advarselsmærkning (Southampton-seks).,En af de seks farvestoffer omfattet af Southampton-studiets mærkningskrav.,https://www.efsa.europa.eu/en/topics/topic/food-colours,EU-forordning 1333/2008 / EFSA
E131,Patentblåt V,Patent Blue V,"Farvestof (blå, syntetisk)",Ikke en del af Southampton-seks. Kan i sjældne tilfælde udløse allergiske reaktioner/overfølsomhed hos meget følsomme personer.,Allergiske reaktioner over for patentblåt V er primært dokumenteret ved medicinsk brug af farvestoffet (fx til sentinel lymfeknude-markering) snarere end fra fødevareindtag; EFSA's genvurdering fandt ingen ny sikkerhedsbekymring for fødevarebrug.,https://www.efsa.europa.eu/en/efsajournal/pub/2818,EFSA (2013-udtalelse)
E132,Indigotin,"Indigokarmin, Indigo carmine","Farvestof (blå, syntetisk)",Ikke en del af Southampton-seks. Ingen dokumenteret EU-specifik advarsel ud over fastsat ADI.,EFSA's genvurdering bekræftede fortsat godkendelse med fastsat ADI.,https://www.efsa.europa.eu/en/efsajournal/pub/3768,EFSA (2014-udtalelse)
E133,Brilliant Blue FCF,"Briljantblåt FCF, Blue 1","Farvestof (blå, syntetisk)",Ikke en del af Southampton-seks. Sjældne rapporter om overfølsomhedsreaktioner hos meget følsomme personer.,EFSA's genvurdering fandt ingen ny sikkerhedsbekymring og bekræftede fastsat ADI.,https://www.efsa.europa.eu/en/efsajournal/pub/1853,EFSA (2010-udtalelse)
E140(i),Chlorophyller,"Klorofyl, det grønne plantefarvestof",Farvestof (grøn),"Ingen dokumenteret EU-specifik advarsel; naturligt forekommende plantefarvestof, vurderes sikkert.",EFSA's genvurdering af chlorophyller/chlorophylliner fandt ingen sikkerhedsproblemer af betydning ved normal anvendelse.,https://www.efsa.europa.eu/en/efsajournal/pub/4089,EFSA (2015-udtalelse)
E140(ii),Chlorophylliner,Klorofylliner (vandopløselig form af klorofyl),Farvestof (grøn),Ingen dokumenteret EU-specifik advarsel; vurderes sikkert inden for fastsat brug.,EFSA's genvurdering fandt ingen sikkerhedsproblemer af betydning.,https://www.efsa.europa.eu/en/efsajournal/pub/4089,EFSA (2015-udtalelse)
E141(i),Kobberkomplekser af chlorophyller,Kobber-klorofyl,Farvestof (grøn),Ingen dokumenteret EU-specifik advarsel; kobberindholdet er reguleret via fastsat ADI for kobber fra dette tilsætningsstof.,EFSA's genvurdering fastsatte en gruppe-ADI for kobberkomplekser af chlorophyller/chlorophylliner ud fra kobberindholdet.,https://www.efsa.europa.eu/en/efsajournal/pub/4089,EFSA (2015-udtalelse)
E141(ii),Kobberkomplekser af chlorophylliner,Kobber-klorofyllin,Farvestof (grøn),Ingen dokumenteret EU-specifik advarsel; kobberindholdet er reguleret via fastsat ADI.,EFSA's genvurdering fastsatte en gruppe-ADI ud fra kobberindholdet.,https://www.efsa.europa.eu/en/efsajournal/pub/4089,EFSA (2015-udtalelse)
E142,Grøn S,Green S,"Farvestof (grøn, syntetisk)","Ikke en del af Southampton-seks, men et syntetisk farvestof underlagt fastsat ADI; begrænset anvendelse i EU.",EFSA's genvurdering bekræftede fortsat godkendelse med fastsat ADI uden nye sikkerhedsbekymringer.,https://www.efsa.europa.eu/en/efsajournal/pub/1851,EFSA (2010-udtalelse)
E150a,Sukkerkulør (almindelig karamel),"Sukkerkulør, karamelfarve, klasse I-karamel",Farvestof (brun),Ingen dokumenteret EU-specifik advarsel for denne enkleste karamelklasse; vurderes sikkert.,EFSA's genvurdering af karamelfarver (klasse I-IV) fandt generelt ingen sikkerhedsproblemer ved klasse I; gruppe-ADI fastsat for de øvrige klasser pga. biprodukter.,https://www.efsa.europa.eu/en/efsajournal/pub/2004,EFSA (2011-udtalelse)
E150b,Kaustisk sulfitkaramel,"Sukkerkulør, karamelfarve, klasse II-karamel",Farvestof (brun),Ingen dokumenteret EU-specifik advarsel ud over fastsat ADI for gruppen.,EFSA's genvurdering fastsatte gruppe-ADI for karamelklasserne; ingen særskilt advarsel for klasse II.,https://www.efsa.europa.eu/en/efsajournal/pub/2004,EFSA (2011-udtalelse)
E150c,Ammoniakkaramel,"Sukkerkulør, karamelfarve, klasse III-karamel",Farvestof (brun),"Indeholder biproduktet 4-methylimidazol (4-MEI); EFSA har fastsat en ADI, som anses for tilstrækkelig sikker, men stoffet overvåges på grund af diskussion i visse ikke-EU-lande (fx Californien) om 4-MEI.",EFSA's 2011-genvurdering fastsatte specifik ADI for klasse III-karamel bl.a. med henblik på indholdet af 4-MEI og andre biprodukter.,https://www.efsa.europa.eu/en/efsajournal/pub/2004,EFSA (2011-udtalelse)
E150d,Sulfitammoniakkaramel,"Sukkerkulør, karamelfarve, klasse IV-karamel (bl.a. i cola)",Farvestof (brun),"Indeholder biproduktet 4-methylimidazol (4-MEI); EFSA har fastsat en ADI, som anses for tilstrækkelig sikker, men stoffet overvåges på grund af diskussion i visse ikke-EU-lande om 4-MEI.",EFSA's 2011-genvurdering fastsatte specifik ADI for klasse IV-karamel; mest anvendte karameltype i bl.a. kulsyreholdige læskedrikke.,https://www.efsa.europa.eu/en/efsajournal/pub/2004,EFSA (2011-udtalelse)
E151,Sortglans BN,Brilliant Black BN,"Farvestof (sort, syntetisk)","Ikke omfattet af den lovpligtige Southampton-mærkning, men enkelte studier har diskuteret mulig sammenhæng med hyperaktivitet uden at dette har ført til EU-mærkningskrav.",EFSA's genvurdering bekræftede fortsat godkendelse med fastsat ADI; stoffet indgår ikke i den officielle liste over seks mærkningspligtige farvestoffer.,https://www.efsa.europa.eu/en/efsajournal/pub/1877,EFSA (2010-udtalelse)
E153,Vegetabilsk kul,"Vegetabilsk carbon, kultilsætning",Farvestof (sort),Ingen dokumenteret EU-specifik advarsel; anvendelsen er stærkt begrænset til få specifikke produkter (bl.a. overflade af visse oste).,EFSA's genvurdering fandt ingen sikkerhedsproblemer af betydning ved den begrænsede godkendte anvendelse.,https://www.efsa.europa.eu/en/efsajournal/pub/3634,EFSA (2012-udtalelse)
E155,Brun HT,Brown HT,"Farvestof (brun, syntetisk)","Ikke en del af den lovpligtige Southampton-seks, men er et syntetisk azofarvestof underlagt fastsat ADI; anvendelsen i EU er begrænset til ganske få produkter.",EFSA's genvurdering bekræftede fortsat godkendelse med fastsat ADI uden at tilføje stoffet til den lovpligtige mærkningsliste.,https://www.efsa.europa.eu/en/efsajournal/pub/1536,EFSA (2010-udtalelse)
E160a(i),Beta-caroten,"Betakaroten, provitamin A",Farvestof (orange-gul); naturligt forekommende provitamin,"Ingen dokumenteret EU-specifik advarsel; naturligt forekommende stof, vurderes sikkert inden for fastsat ADI.",EFSA's genvurdering af beta-caroten bekræftede sikkerheden ved normal anvendelse som farvestof.,https://www.efsa.europa.eu/en/efsajournal/pub/2593,EFSA (2012-udtalelse)
E160a(ii),Blandede caroten er,"Naturlige caroten er fra planter, palmeolie, gulerødder eller alger",Farvestof (orange-gul); naturligt forekommende,Ingen dokumenteret EU-specifik advarsel; vurderes sikkert inden for fastsat brug.,EFSA's genvurdering fandt ingen sikkerhedsproblemer af betydning for blandede naturlige caroten er.,https://www.efsa.europa.eu/en/efsajournal/pub/2593,EFSA (2012-udtalelse)
E160b,"Annattoekstrakt, bixin, norbixin","Annatto, achiote","Farvestof (gul-orange, naturligt)",Kan i sjældne tilfælde udløse allergiske reaktioner hos meget følsomme personer.,EFSA's genvurdering i 2016 fastsatte reviderede ADI-værdier for bixin og norbixin efter gennemgang af toksikologiske data.,https://www.efsa.europa.eu/en/efsajournal/pub/4544,EFSA (2016-udtalelse)
E160c,Paprikaekstrakt,"Capsanthin, capsorubin, paprikaolieresin","Farvestof (rød-orange, naturligt)",Ingen dokumenteret EU-specifik advarsel; vurderes sikkert ved normalt forbrug.,"EFSA's genvurdering fandt ingen sikkerhedsproblemer af betydning, men bemærkede databegrænsninger uden at ændre godkendelsen.",https://www.efsa.europa.eu/en/efsajournal/pub/3162,EFSA (2015-udtalelse)
E160d,Lycopen,"Tomatrødt, lycopen fra tomat eller svampen Blakeslea trispora","Farvestof (rød, naturligt); antioxidant",Ingen dokumenteret EU-specifik advarsel ud over fastsat ADI.,EFSA's genvurdering fastsatte en samlet ADI for lycopen fra forskellige kilder.,https://www.efsa.europa.eu/en/efsajournal/pub/2031,EFSA (2010-udtalelse)
E160e,Beta-apo-8'-carotenal,"Apo-carotenal, C30-carotenal","Farvestof (orange, syntetisk fremstillet efter naturligt forbillede)",Ingen dokumenteret EU-specifik advarsel ud over fastsat ADI.,EFSA's genvurdering bekræftede fortsat godkendelse med fastsat ADI.,https://www.efsa.europa.eu/en/efsajournal/pub/2492,EFSA (2012-udtalelse)
E161b,Lutein,"Luteinekstrakt, xantofyl fra tagetes/fløjlsblomst","Farvestof (gul-orange, naturligt); antioxidant",Ingen dokumenteret EU-specifik advarsel; vurderes sikkert inden for fastsat ADI.,EFSA's genvurdering af luteinpræparater bekræftede sikkerheden ved normal anvendelse.,https://www.efsa.europa.eu/en/efsajournal/pub/2144,EFSA (2011-udtalelse)
E161g,Canthaxanthin,Cantaxanthin,"Farvestof (orange-rød, naturligt/syntetisk)","Stærkt anvendelsesbegrænset i EU (bl.a. visse pølseprodukter som ""Strasbourg-pølser""); høje doser er tidligere forbundet med aflejringer i nethinden ved langvarig, meget høj indtagelse (bl.a. via kosttilskud/solbruningspiller, som er forbudt).","EFSA's genvurdering sænkede ADI for canthaxanthin markant efter rapporter om nethindeaflejringer ved høj eksponering, hvilket har begrænset den tilladte fødevareanvendelse betydeligt.",https://www.efsa.europa.eu/en/efsajournal/pub/1852,EFSA (2010-udtalelse)
E162,Rødbedefarve,Betanin,"Farvestof (rød, naturligt fra rødbede)","Ingen dokumenteret EU-specifik advarsel; naturligt forekommende, vurderes sikkert.",EFSA's genvurdering fandt ingen sikkerhedsproblemer af betydning ved normal anvendelse.,https://www.efsa.europa.eu/en/efsajournal/pub/2809,EFSA (2013-udtalelse)
E163,Anthocyaniner,"Druefarve, farvestof fra bær og druer","Farvestof (rød-violet-blå, naturligt)","Ingen dokumenteret EU-specifik advarsel; naturligt forekommende plantestoffer, vurderes sikkert.",EFSA's genvurdering fandt ingen sikkerhedsproblemer af betydning; fastsat ADI ikke nødvendig ('ikke specificeret').,https://www.efsa.europa.eu/en/efsajournal/pub/2013,EFSA (2013-udtalelse)
E170,Calciumcarbonat,"Kridt, calciumkarbonat",Farvestof (hvid); også som overfladebehandlingsmiddel og syreregulator,"Ingen dokumenteret EU-specifik advarsel; almindeligt mineral, vurderes sikkert.",EFSA's genvurdering fandt ingen sikkerhedsproblemer og bekræftede 'ADI ikke specificeret'.,https://www.efsa.europa.eu/en/efsajournal/pub/2318,EFSA (2011-udtalelse)
E171,Titandioxid,Titaniumdioxid,Farvestof (hvid),"FORBUDT som fødevaretilsætningsstof i EU siden 7. august 2022 (fuldt gennemført; forbud vedtaget januar 2022 med virkning fra 7. februar 2022). EFSA konkluderede i 2021, at titandioxid ikke længere kan anses for sikkert som fødevaretilsætningsstof, da en bekymring for genotoksicitet (skader på arvemateriale) ikke kunne udelukkes, og en sikker daglig indtagelse derfor ikke kunne fastsættes.","EFSA's genvurdering (maj 2021) fandt, at der ikke kunne udelukkes en genotoksisk bekymring ved indtagelse af titandioxid-partikler, hvilket førte til EU-kommissionens forbud mod stoffet som fødevaretilsætning.",https://www.efsa.europa.eu/en/news/titanium-dioxide-e171-no-longer-considered-safe-when-used-food-additive,EFSA (2021-udtalelse) / EU-forordning 2022/63
E172,"Jernoxider, jernhydroxider","Jernoxidrødt, jernoxidgult, jernoxidsort","Farvestof (rød/gul/sort, uorganisk)",Ingen dokumenteret EU-specifik advarsel; vurderes sikkert inden for fastsat ADI.,EFSA's genvurdering bekræftede fortsat godkendelse med fastsat gruppe-ADI.,https://www.efsa.europa.eu/en/efsajournal/pub/2764,EFSA (2015-udtalelse)
E173,Aluminium,Aluminiumspulver,Farvestof (metallisk grå); kun til overfladedekoration,"Begrænset til overfladedekoration af sukkervarer/kager (spises normalt ikke i store mængder ad gangen). EFSA har fastsat en tolerabel ugentlig indtagelse (TWI) for aluminium samlet set fra alle kilder på grund af mulige effekter på nervesystem og reproduktion ved høj, langvarig eksponering.","EFSA's samlede vurdering af aluminium fra fødevarer (2008) fastsatte en tolerabel ugentlig indtagelse for aluminium fra alle kilder, herunder farvestoffet E173.",https://www.efsa.europa.eu/en/efsajournal/pub/754,EFSA (2008-udtalelse)
E174,Sølv,Sølvpulver,Farvestof (metallisk hvid/sølv); kun til overfladedekoration,Meget begrænset anvendelse (kun overfladedekoration); ingen dokumenteret EU-specifik advarsel ud over den generelle anvendelsesbegrænsning.,EFSA's genvurdering af sølv som farvestof pågik i flere år pga. manglende data; anvendelsen er holdt stærkt begrænset som forsigtighedsforanstaltning.,https://www.efsa.europa.eu/en/topics/topic/food-colours,EFSA / EU-forordning 1333/2008
E175,Guld,Guldpulver,Farvestof (metallisk gylden); kun til overfladedekoration,Meget begrænset anvendelse (kun overfladedekoration); ingen dokumenteret EU-specifik advarsel.,EFSA's genvurdering fandt ingen sikkerhedsproblemer af betydning ved den stærkt begrænsede anvendelse.,https://www.efsa.europa.eu/en/topics/topic/food-colours,EFSA / EU-forordning 1333/2008
E180,Litholrubin BK,"Rubinpigment BK, Lithol Rubine BK","Farvestof (rød, syntetisk); kun til ostens overfladeskorpe",Anvendelsen er begrænset til den ikke-spiselige overfladeskorpe på hårde oste; ingen dokumenteret EU-specifik advarsel ved denne begrænsede brug.,"EFSA's genvurdering bekræftede fortsat godkendelse til den snævre, godkendte anvendelse uden nye sikkerhedsbekymringer.",https://www.efsa.europa.eu/en/efsajournal/pub/2818,EFSA (2013-udtalelse)
E200,Sorbic acid,Sorbinsyre,Konserveringsmiddel,Ingen dokumenteret EU-specifik advarsel; vurderes sikkert inden for fastsat ADI (0-25 mg/kg kropsvægt/dag).,EFSA genvurderede sorbinsyre og sorbater i 2015 og bekræftede den eksisterende gruppe-ADI som tilstrækkelig beskyttende.,https://www.efsa.europa.eu/en/efsajournal/pub/4144,EFSA 2015
E201,Sodium sorbate,Natriumsorbat,Konserveringsmiddel,Ingen dokumenteret EU-specifik advarsel; vurderes sikkert inden for fastsat gruppe-ADI sammen med E200/E202/E203.,Del af EFSA's 2015 samlede genvurdering af sorbinsyre og sorbater (E200-E203).,https://www.efsa.europa.eu/en/efsajournal/pub/4144,EFSA 2015
E202,Potassium sorbate,Kaliumsorbat,Konserveringsmiddel,Ingen dokumenteret EU-specifik advarsel; vurderes sikkert inden for fastsat gruppe-ADI. Kan i sjældne tilfælde give hudirritation ved direkte kontakt.,EFSA's 2015 genvurdering fandt ingen anledning til at sænke den eksisterende ADI for gruppen E200-E203.,https://www.efsa.europa.eu/en/efsajournal/pub/4144,EFSA 2015
E203,Calcium sorbate,Calciumsorbat,Konserveringsmiddel,Ingen dokumenteret EU-specifik advarsel; vurderes sikkert inden for fastsat gruppe-ADI.,Del af EFSA's 2015 samlede genvurdering af sorbinsyre og sorbater (E200-E203).,https://www.efsa.europa.eu/en/efsajournal/pub/4144,EFSA 2015
E210,Benzoic acid,Benzoesyre,Konserveringsmiddel,"Kan i kombination med C-vitamin (ascorbinsyre, E300) danne spormængder af det kræftfremkaldende stof benzen, særligt i læskedrikke udsat for varme og lys. Kan hos følsomme personer bidrage til pseudoallergiske reaktioner (fx nældefeber).","EFSA genvurderede benzoesyre/benzoater i 2016 og fastholdt gruppe-ADI på 5 mg/kg kropsvægt/dag. Benzen-dannelse ved reaktion med ascorbinsyre er en kendt, dokumenteret problemstilling som EU-industrien har arbejdet på at minimere via reformulering.",https://www.efsa.europa.eu/en/efsajournal/pub/4433,EFSA 2016
E211,Sodium benzoate,Natriumbenzoat,Konserveringsmiddel,"Samme benzen-dannelsesrisiko sammen med ascorbinsyre (E300) som benzoesyre. Mistænkt for i kombination med visse farvestoffer at kunne påvirke aktivitet/opmærksomhed hos børn (Southampton-undersøgelsen), hvilket ligger til grund for advarselsmærkning af de pågældende farvestoffer, ikke af E211 selv.",EFSA's 2016 genvurdering af benzoater (E210-E213) fastholdt gruppe-ADI på 5 mg/kg kropsvægt/dag.,https://www.efsa.europa.eu/en/efsajournal/pub/4433,EFSA 2016
E212,Potassium benzoate,Kaliumbenzoat,Konserveringsmiddel,Ingen dokumenteret EU-specifik advarsel ud over den generelle benzen-risiko for benzoatgruppen sammen med ascorbinsyre.,Del af EFSA's 2016 samlede genvurdering af benzoesyre og benzoater (E210-E213).,https://www.efsa.europa.eu/en/efsajournal/pub/4433,EFSA 2016
E213,Calcium benzoate,Calciumbenzoat,Konserveringsmiddel,Ingen dokumenteret EU-specifik advarsel ud over den generelle benzen-risiko for benzoatgruppen sammen med ascorbinsyre.,Del af EFSA's 2016 samlede genvurdering af benzoesyre og benzoater (E210-E213).,https://www.efsa.europa.eu/en/efsajournal/pub/4433,EFSA 2016
E214,Ethyl p-hydroxybenzoate,"Ethylparaben, ethyl-4-hydroxybenzoat",Konserveringsmiddel,"Ingen dokumenteret EU-specifik advarsel; vurderes sikkert inden for gruppe-ADI for parabener (0-10 mg/kg kropsvægt/dag). Propylparaben (E216) er tidligere forbudt i EU pga. utilstrækkelig sikkerhedsdokumentation, hvilket har skabt generel skepsis over for parabengruppen.","EFSA/SCF har vurderet parabengruppen (E214, E215, E218, E219) samlet under en gruppe-ADI.",https://food.ec.europa.eu/food-safety/food-improvement-agents/additives/database_en,EU Food Additives Database
E215,Sodium ethyl p-hydroxybenzoate,Natriumethylparaben,Konserveringsmiddel,"Ingen dokumenteret EU-specifik advarsel; indgår i parabenernes gruppe-ADI. Der har historisk været usikkerhed om godkendelsesstatus for enkelte paraben-salte i EU, hvor ikke alle er tilbage på markedet.","Vurderet sammen med de øvrige godkendte parabener (E214, E218, E219) under fælles gruppe-ADI.",https://food.ec.europa.eu/food-safety/food-improvement-agents/additives/database_en,EU Food Additives Database
E218,Methyl p-hydroxybenzoate,"Methylparaben, methyl-4-hydroxybenzoat",Konserveringsmiddel,"Ingen dokumenteret EU-specifik advarsel; vurderes sikkert inden for gruppe-ADI for parabener. Ikke at forveksle med parabener i kosmetik, som har været genstand for separat, mere restriktiv EU-regulering.",EFSA/SCF har vurderet parabengruppen samlet; methylparaben anses for den bedst dokumenterede og mindst problematiske af gruppen.,https://food.ec.europa.eu/food-safety/food-improvement-agents/additives/database_en,EU Food Additives Database
E219,Sodium methyl p-hydroxybenzoate,Natriummethylparaben,Konserveringsmiddel,Ingen dokumenteret EU-specifik advarsel; indgår i parabenernes gruppe-ADI.,Vurderet sammen med de øvrige godkendte parabener under fælles gruppe-ADI.,https://food.ec.europa.eu/food-safety/food-improvement-agents/additives/database_en,EU Food Additives Database
E220,Sulphur dioxide,Svovldioxid,Konserveringsmiddel; antioxidant,"Reel og dokumenteret risiko for astma- og allergireaktioner hos følsomme personer. Skal obligatorisk mærkes med 'sulfitter' eller 'svovldioxid', hvis indholdet overstiger 10 mg/kg eller 10 mg/l i det færdige produkt, da sulfitter er blandt EU's 14 officielle allergener.",EFSA genvurderede svovldioxid/sulfitter (E220-E228) i 2016 og sænkede gruppe-ADI pga. dokumenteret sammenhæng med astmaanfald hos sulfit-følsomme personer selv ved lave doser.,https://www.efsa.europa.eu/en/efsajournal/pub/4438,EFSA 2016
E221,Sodium sulphite,Natriumsulfit,Konserveringsmiddel; antioxidant,Samme dokumenterede astma-/allergirisiko som svovldioxid. Obligatorisk sulfit-mærkning over 10 mg/kg eller 10 mg/l.,Del af EFSA's 2016 samlede genvurdering af svovldioxid og sulfitter (E220-E228).,https://www.efsa.europa.eu/en/efsajournal/pub/4438,EFSA 2016
E222,Sodium hydrogen sulphite,"Natriumbisulfit, natriumhydrogensulfit",Konserveringsmiddel; antioxidant,Samme dokumenterede astma-/allergirisiko som svovldioxid. Obligatorisk sulfit-mærkning over 10 mg/kg eller 10 mg/l.,Del af EFSA's 2016 samlede genvurdering af svovldioxid og sulfitter (E220-E228).,https://www.efsa.europa.eu/en/efsajournal/pub/4438,EFSA 2016
E223,Sodium metabisulphite,Natriummetabisulfit,Konserveringsmiddel; antioxidant,Samme dokumenterede astma-/allergirisiko som svovldioxid. Obligatorisk sulfit-mærkning over 10 mg/kg eller 10 mg/l. Bruges bl.a. i vin og tørret frugt.,Del af EFSA's 2016 samlede genvurdering af svovldioxid og sulfitter (E220-E228).,https://www.efsa.europa.eu/en/efsajournal/pub/4438,EFSA 2016
E224,Potassium metabisulphite,Kaliummetabisulfit,Konserveringsmiddel; antioxidant,Samme dokumenterede astma-/allergirisiko som svovldioxid. Obligatorisk sulfit-mærkning over 10 mg/kg eller 10 mg/l.,Del af EFSA's 2016 samlede genvurdering af svovldioxid og sulfitter (E220-E228).,https://www.efsa.europa.eu/en/efsajournal/pub/4438,EFSA 2016
E225,Potassium sulphite,Kaliumsulfit,Konserveringsmiddel; antioxidant,Samme dokumenterede astma-/allergirisiko som svovldioxid. Obligatorisk sulfit-mærkning over 10 mg/kg eller 10 mg/l.,Del af EFSA's 2016 samlede genvurdering af svovldioxid og sulfitter (E220-E228).,https://www.efsa.europa.eu/en/efsajournal/pub/4438,EFSA 2016
E226,Calcium sulphite,Calciumsulfit,Konserveringsmiddel; antioxidant,Samme dokumenterede astma-/allergirisiko som svovldioxid. Obligatorisk sulfit-mærkning over 10 mg/kg eller 10 mg/l.,Del af EFSA's 2016 samlede genvurdering af svovldioxid og sulfitter (E220-E228).,https://www.efsa.europa.eu/en/efsajournal/pub/4438,EFSA 2016
E227,Calcium hydrogen sulphite,"Calciumbisulfit, calciumhydrogensulfit",Konserveringsmiddel; antioxidant,Samme dokumenterede astma-/allergirisiko som svovldioxid. Obligatorisk sulfit-mærkning over 10 mg/kg eller 10 mg/l.,Del af EFSA's 2016 samlede genvurdering af svovldioxid og sulfitter (E220-E228).,https://www.efsa.europa.eu/en/efsajournal/pub/4438,EFSA 2016
E228,Potassium hydrogen sulphite,"Kaliumbisulfit, kaliumhydrogensulfit",Konserveringsmiddel; antioxidant,Samme dokumenterede astma-/allergirisiko som svovldioxid. Obligatorisk sulfit-mærkning over 10 mg/kg eller 10 mg/l.,Del af EFSA's 2016 samlede genvurdering af svovldioxid og sulfitter (E220-E228).,https://www.efsa.europa.eu/en/efsajournal/pub/4438,EFSA 2016
E231,Orthophenyl phenol,"Ortho-phenylphenol, o-fenylfenol",Konserveringsmiddel (overfladebehandling af citrusfrugt),"Ingen dokumenteret akut EU-forbrugerrisiko ved den godkendte brug, men stoffet er kun tilladt til overfladebehandling af citrusskal, ikke som generelt fødevaretilsætningsstof, og skallen bør ikke spises eller anvendes til madlavning uden vask.","Anvendelsen er reguleret snævert i EU, og der har været regulatorisk diskussion om hvorvidt stoffet fortsat bør høre under fødevaretilsætnings- eller plantebeskyttelsesreglerne.",https://food.ec.europa.eu/food-safety/food-improvement-agents/additives/database_en,EU Food Additives Database
E232,Sodium orthophenyl phenol,Natrium-ortho-phenylphenol,Konserveringsmiddel (overfladebehandling af citrusfrugt),"Samme begrænsning som E231: kun godkendt til overfladebehandling af citrusskal, ikke som generelt tilsætningsstof.",Anvendelsen er reguleret snævert i EU parallelt med E231.,https://food.ec.europa.eu/food-safety/food-improvement-agents/additives/database_en,EU Food Additives Database
E233,Thiabendazole,Thiabendazol,Konserveringsmiddel/svampemiddel (overfladebehandling af citrusfrugt og bananer),"Kun godkendt til overfladebehandling, ikke som generelt tilsætningsstof; skal er ikke beregnet til at spises. Klassificeres i dele af EU-lovgivningen også som plantebeskyttelsesmiddel/pesticidrest med egne grænseværdier.",EU regulerer thiabendazol både som fødevaretilsætning (E-nummer) til overfladebehandling og som pesticid med separate MRL-grænseværdier (maksimalgrænseværdier for pesticidrester).,https://food.ec.europa.eu/food-safety/food-improvement-agents/additives/database_en,EU Food Additives Database
E234,Nisin,Nisin,Konserveringsmiddel,"Ingen dokumenteret EU-specifik advarsel; naturligt forekommende bakteriocin produceret af mælkesyrebakterier, vurderes sikkert inden for fastsat ADI.",EFSA har genvurderet nisin som fødevaretilsætning og bekræftet den eksisterende sikkerhedsprofil.,https://food.ec.europa.eu/food-safety/food-improvement-agents/additives/database_en,EU Food Additives Database
E235,Natamycin,"Natamycin, pimaricin",Konserveringsmiddel (overfladebehandling af oste og spegepølser),Kun godkendt til overfladebehandling; skal/overflade bør ikke indtages i unødigt store mængder. Ingen anden dokumenteret EU-specifik advarsel.,Natamycin er et naturligt antimykotikum produceret af en Streptomyces-bakterie og er genvurderet af EFSA uden ændring af den godkendte anvendelse.,https://food.ec.europa.eu/food-safety/food-improvement-agents/additives/database_en,EU Food Additives Database
E239,Hexamethylene tetramine,"Hexamin, hexamethylentetramin",Konserveringsmiddel,"Kun godkendt til én specifik anvendelse i EU: som konserveringsmiddel i den italienske ost Provolone. Nedbrydes delvist til formaldehyd, hvilket er baggrunden for den meget snævre godkendelse.","Den begrænsede godkendelse afspejler bekymring om formaldehyddannelse; EFSA har ikke genvurderet stoffet bredt, da anvendelsen er så snæver.",https://food.ec.europa.eu/food-safety/food-improvement-agents/additives/database_en,EU Food Additives Database
E242,Dimethyl dicarbonate,Dimethyldicarbonat (DMDC),Konserveringsmiddel,"Ingen dokumenteret EU-specifik advarsel; stoffet nedbrydes hurtigt til kuldioxid og methanol i meget små, ikke-problematiske mængder efter tilsætning i drikkevarer.",EFSA har vurderet DMDC som fødevaretilsætning og fundet den godkendte anvendelse i drikkevarer sikker.,https://food.ec.europa.eu/food-safety/food-improvement-agents/additives/database_en,EU Food Additives Database
E249,Potassium nitrite,Kaliumnitrit,Konserveringsmiddel (særligt i kød),"Kan under tilberedning/fordøjelse danne nitrosaminer, som er kræftfremkaldende. IARC har klassificeret forarbejdet kød generelt (ikke nitrit alene) som kræftfremkaldende for mennesker (gruppe 1). Bør ikke anvendes i mad til spædbørn under 6 måneder, som er særligt følsomme over for nitrit.","EFSA sænkede i 2017 den acceptable daglige indtagelse (ADI) for nitrit til 0,07 mg nitrition/kg kropsvægt/dag pga. bekymring for nitrosamindannelse, og vurderede at margin of exposure for eksogene nitrosaminer fra kødprodukter kan være utilstrækkelig ved høj eksponering.",https://www.efsa.europa.eu/en/efsajournal/pub/4786,EFSA 2017
E250,Sodium nitrite,Natriumnitrit,Konserveringsmiddel (særligt i kød),"Kan under tilberedning/fordøjelse danne nitrosaminer, som er kræftfremkaldende. IARC har klassificeret forarbejdet kød generelt (ikke nitrit alene) som kræftfremkaldende for mennesker (gruppe 1). Bør ikke anvendes i mad til spædbørn under 6 måneder.","EFSA's 2017 genvurdering sænkede ADI for nitrit til 0,07 mg/kg kropsvægt/dag og pegede på utilstrækkelig sikkerhedsmargin ved høj eksponering for nitrosaminer fra kødprodukter.",https://www.efsa.europa.eu/en/efsajournal/pub/4786,EFSA 2017
E251,Sodium nitrate,Natriumnitrat,Konserveringsmiddel (særligt i kød og ost),"Kan i kroppen omdannes til nitrit og videre til nitrosaminer. Spædbørn er særligt følsomme over for nitrat/nitrit, og nitrat bør ikke anvendes i mad til spædbørn.","EFSA's 2017 genvurdering af nitrat (E251/E252) bekræftede en ADI på 3,7 mg nitration/kg kropsvægt/dag, med særlig opmærksomhed på spædbørns øgede følsomhed.",https://www.efsa.europa.eu/en/efsajournal/pub/4787,EFSA 2017
E252,Potassium nitrate,Kaliumnitrat,Konserveringsmiddel (særligt i kød og ost),Kan i kroppen omdannes til nitrit og videre til nitrosaminer. Spædbørn er særligt følsomme over for nitrat/nitrit.,Del af EFSA's 2017 samlede genvurdering af nitrat (E251/E252).,https://www.efsa.europa.eu/en/efsajournal/pub/4787,EFSA 2017
E260,Acetic acid,Eddikesyre,Konserveringsmiddel; syrningsmiddel,"Ingen dokumenteret EU-specifik advarsel; naturligt forekommende syre i bl.a. eddike, vurderes sikkert uden fastsat numerisk ADI (ADI 'not specified').",Almindeligt anvendt og længe vurderet sikkert af EU's videnskabelige komitéer.,https://food.ec.europa.eu/food-safety/food-improvement-agents/additives/database_en,EU Food Additives Database
E261,Potassium acetate,Kaliumacetat,Konserveringsmiddel; syrningsmiddel,Ingen dokumenteret EU-specifik advarsel; vurderes sikkert uden fastsat numerisk ADI.,Vurderet af EU's videnskabelige komitéer sammen med de øvrige acetater.,https://food.ec.europa.eu/food-safety/food-improvement-agents/additives/database_en,EU Food Additives Database
E262,Sodium acetates,"Natriumacetat, natriumdiacetat",Konserveringsmiddel; syrningsmiddel,Ingen dokumenteret EU-specifik advarsel; vurderes sikkert uden fastsat numerisk ADI.,"Dækker både natriumacetat (E262i) og natriumdiacetat (E262ii), begge vurderet sikre af EU's videnskabelige komitéer.",https://food.ec.europa.eu/food-safety/food-improvement-agents/additives/database_en,EU Food Additives Database
E263,Calcium acetate,Calciumacetat,Konserveringsmiddel; syrningsmiddel,Ingen dokumenteret EU-specifik advarsel; vurderes sikkert uden fastsat numerisk ADI.,Vurderet af EU's videnskabelige komitéer sammen med de øvrige acetater.,https://food.ec.europa.eu/food-safety/food-improvement-agents/additives/database_en,EU Food Additives Database
E270,Lactic acid,Mælkesyre,Konserveringsmiddel; syrningsmiddel,"Ingen dokumenteret EU-specifik advarsel; naturligt forekommende syre, vurderes sikkert uden fastsat numerisk ADI.",Almindeligt anvendt og længe vurderet sikkert af EU's videnskabelige komitéer.,https://food.ec.europa.eu/food-safety/food-improvement-agents/additives/database_en,EU Food Additives Database
E280,Propionic acid,Propionsyre,Konserveringsmiddel (særligt brød og bagværk),"Ingen dokumenteret EU-specifik advarsel; vurderes sikkert. Nogle observationelle studier har undersøgt en mulig sammenhæng mellem propionsyre i brød og adfærd hos børn, men EFSA har ikke fundet grundlag for at ændre godkendelsen på baggrund heraf.","EFSA genvurderede propionsyre og propionater (E280-E283) og fastholdt ADI på 'not specified', dvs. ingen tallmæssig grænse fundet nødvendig.",https://food.ec.europa.eu/food-safety/food-improvement-agents/additives/database_en,EU Food Additives Database
E281,Sodium propionate,Natriumpropionat,Konserveringsmiddel (særligt brød og bagværk),Ingen dokumenteret EU-specifik advarsel; vurderes sikkert.,Del af EFSA's samlede genvurdering af propionsyre og propionater (E280-E283).,https://food.ec.europa.eu/food-safety/food-improvement-agents/additives/database_en,EU Food Additives Database
E282,Calcium propionate,Calciumpropionat,Konserveringsmiddel (særligt brød og bagværk),Ingen dokumenteret EU-specifik advarsel; vurderes sikkert.,Del af EFSA's samlede genvurdering af propionsyre og propionater (E280-E283).,https://food.ec.europa.eu/food-safety/food-improvement-agents/additives/database_en,EU Food Additives Database
E283,Potassium propionate,Kaliumpropionat,Konserveringsmiddel (særligt brød og bagværk),Ingen dokumenteret EU-specifik advarsel; vurderes sikkert.,Del af EFSA's samlede genvurdering af propionsyre og propionater (E280-E283).,https://food.ec.europa.eu/food-safety/food-improvement-agents/additives/database_en,EU Food Additives Database
E284,Boric acid,Borsyre,Konserveringsmiddel (kun kaviar),"Kun godkendt til én meget snæver anvendelse i EU: konservering af æg af stør (kaviar). Borsyre kan ved høje doser påvirke forplantningsevnen, hvilket er baggrunden for den meget begrænsede godkendelse.","Den snævre EU-godkendelse (kun kaviar, med maksimalgrænse) afspejler dokumenteret bekymring for reproduktionstoksicitet ved højere eksponeringsniveauer end dem, der forekommer ved den godkendte brug.",https://food.ec.europa.eu/food-safety/food-improvement-agents/additives/database_en,EU Food Additives Database
E285,Sodium tetraborate (borax),"Natriumtetraborat, boraks",Konserveringsmiddel (kun kaviar),"Kun godkendt til konservering af kaviar i EU, med samme baggrund for begrænsning som borsyre (E284): mulig påvirkning af forplantningsevnen ved høje doser.",Reguleret sammen med E284 under samme snævre anvendelsesbegrænsning.,https://food.ec.europa.eu/food-safety/food-improvement-agents/additives/database_en,EU Food Additives Database
E290,Carbon dioxide,Kuldioxid,Konserveringsmiddel; drivgas; syrningsmiddel,"Ingen dokumenteret EU-specifik advarsel; naturligt forekommende gas, vurderes sikkert uden fastsat numerisk ADI.","Almindeligt anvendt i bl.a. kulsyreholdige drikkevarer og beskyttende atmosfære-emballage, længe vurderet sikkert.",https://food.ec.europa.eu/food-safety/food-improvement-agents/additives/database_en,EU Food Additives Database
E296,Malic acid,Æblesyre,Syrningsmiddel; surhedsregulerende middel,"Ingen dokumenteret EU-specifik advarsel; naturligt forekommende syre i bl.a. æbler, vurderes sikkert uden fastsat numerisk ADI.",Almindeligt anvendt og længe vurderet sikkert af EU's videnskabelige komitéer.,https://food.ec.europa.eu/food-safety/food-improvement-agents/additives/database_en,EU Food Additives Database
E297,Fumaric acid,Fumarsyre,Syrningsmiddel; surhedsregulerende middel,Ingen dokumenteret EU-specifik advarsel; vurderes sikkert inden for fastsat ADI (6 mg/kg kropsvægt/dag).,EFSA har genvurderet fumarsyre og bekræftet en ADI på 6 mg/kg kropsvægt/dag.,https://food.ec.europa.eu/food-safety/food-improvement-agents/additives/database_en,EU Food Additives Database
E300,Ascorbic acid,"Askorbinsyre, C-vitamin",Antioxidant,"Ingen dokumenteret EU-specifik advarsel; vurderes sikkert inden for fastsat ADI. Bemærk: i kombination med benzoater (E210-213) kan der under visse forhold (varme, lys) dannes spor af benzen.",EFSA har genvurderet ascorbinsyre og fundet den sikker som fødevaretilsætning; ingen ny ADI-begrænsning er indført.,https://www.efsa.europa.eu/en/efsajournal/pub/4087,EFSA (2015)
E301,Sodium ascorbate,Natriumascorbat,Antioxidant,Ingen dokumenteret EU-specifik advarsel; vurderes sikkert inden for fastsat ADI. Samme benzen-forbehold som E300 gælder ved samtidig brug med benzoater.,EFSA-gennemgangen af ascorbinsyre og salte heraf fandt ingen sikkerhedsproblemer ved normalt indtag.,https://www.efsa.europa.eu/en/efsajournal/pub/4087,EFSA (2015)
E302,Calcium ascorbate,Calciumascorbat,Antioxidant,Ingen dokumenteret EU-specifik advarsel; vurderes sikkert inden for fastsat ADI.,"Del af samme EFSA-genvurdering af ascorbinsyre-gruppen (E300-E302); ingen ny ADI blev fastsat, da indtag ikke gav anledning til bekymring.",https://www.efsa.europa.eu/en/efsajournal/pub/4087,EFSA (2015)
E304,Fatty acid esters of ascorbic acid,"Ascorbylpalmitat, ascorbylstearat",Antioxidant,Ingen dokumenteret EU-specifik advarsel; vurderes sikkert inden for fastsat ADI.,EFSA har vurderet ascorbylpalmitat/-stearat som del af den generelle genvurdering af ældre godkendte tilsætningsstoffer uden at rejse nye sikkerhedsspørgsmål.,https://www.efsa.europa.eu/en/efsajournal/pub/4087,EFSA
E306,Tocopherol-rich extract,"Naturligt tocopherol-ekstrakt, E-vitamin-kilde",Antioxidant,Ingen dokumenteret EU-specifik advarsel; vurderes sikkert inden for fastsat ADI.,EFSA har fastsat en gruppe-ADI for tocopheroler (E306-E309) og fandt ingen anledning til bekymring ved normalt kosttilskud.,https://www.efsa.europa.eu/en/efsajournal/pub/4247,EFSA (2015)
E307,Alpha-tocopherol,"Alfa-tocopherol, syntetisk E-vitamin",Antioxidant,Ingen dokumenteret EU-specifik advarsel ud over den fælles gruppe-ADI for tocopheroler.,"Del af EFSA's genvurdering af tocopherol-gruppen (E306-E309); gruppe-ADI fastsat, ingen ny risiko identificeret.",https://www.efsa.europa.eu/en/efsajournal/pub/4247,EFSA (2015)
E308,Gamma-tocopherol,Gamma-tocopherol,Antioxidant,Ingen dokumenteret EU-specifik advarsel ud over den fælles gruppe-ADI for tocopheroler.,Del af samme EFSA-gruppevurdering som E306-E309.,https://www.efsa.europa.eu/en/efsajournal/pub/4247,EFSA (2015)
E309,Delta-tocopherol,Delta-tocopherol,Antioxidant,Ingen dokumenteret EU-specifik advarsel ud over den fælles gruppe-ADI for tocopheroler.,Del af samme EFSA-gruppevurdering som E306-E309.,https://www.efsa.europa.eu/en/efsajournal/pub/4247,EFSA (2015)
E310,Propyl gallate,Propylgallat,Antioxidant,"Kan give allergiske reaktioner hos følsomme personer i sjældne tilfælde; i øvrigt vurderet sikkert inden for fastsat ADI. Beslægtede stoffer octylgallat (E311) og dodecylgallat (E312) er trukket tilbage i EU (2018) pga. utilstrækkelig toksikologisk dokumentation, hvilket har skærpet fokus på hele gallat-gruppen.","EFSA har genvurderet propylgallat og fastholdt godkendelsen, mens de nært beslægtede E311 og E312 blev fjernet fra EU's positivliste i 2018 (forordning 2018/1481) pga. mangelfuld data.",https://eur-lex.europa.eu/legal-content/EN/TXT/?uri=CELEX:32018R1481,EFSA / EU-forordning 2018/1481
E315,Erythorbic acid,"Erythorbinsyre, isoascorbinsyre",Antioxidant,"Ingen dokumenteret EU-specifik advarsel; vurderes sikkert inden for fastsat ADI. Bruges ofte sammen med nitrit (E249-250) i saltet kød, hvor der generelt er opmærksomhed på nitrosaminer, men dette er en kendt egenskab ved nitrit-kombinationen, ikke ved erythorbinsyre selv.","EFSA har vurderet erythorbinsyre og dens natriumsalt uden at finde grundlag for en numerisk ADI, da indtag ikke gav toksikologisk bekymring.",https://www.efsa.europa.eu/en/efsajournal/pub/4360,EFSA (2016)
E316,Sodium erythorbate,Natriumerythorbat,Antioxidant,Ingen dokumenteret EU-specifik advarsel; vurderes sikkert inden for fastsat ADI. Samme bemærkning om brug sammen med nitrit i kødprodukter som ved E315.,Del af samme EFSA-genvurdering som E315.,https://www.efsa.europa.eu/en/efsajournal/pub/4360,EFSA (2016)
E319,Tertiary-butylhydroquinone (TBHQ),"TBHQ, tert-butylhydroquinon",Antioxidant,"EFSA har fastsat en ADI på 0,7 mg/kg kropsvægt/dag; en opdateret eksponeringsvurdering fra EFSA i 2016 pegede på, at indtag for nogle grupper kan ligge tæt på ADI, uden at det gav anledning til at ændre godkendelsen.","EFSA gennemførte i 2004 den oprindelige sikkerhedsvurdering og i 2016 en opdateret eksponeringsvurdering af TBHQ; begge konkluderede, at stoffet er sikkert inden for den fastsatte ADI.",https://www.efsa.europa.eu/en/efsajournal/pub/4363,EFSA (2016)
E320,Butylated hydroxyanisole (BHA),BHA,Antioxidant,"EFSA reviderede i 2011 ADI'en fra 0,5 til 1,0 mg/kg kropsvægt/dag efter fund af godartede vævsforandringer i forstomme hos gnavere ved høje doser; mekanismen anses ikke for relevant for mennesker. IARC har klassificeret BHA i gruppe 2B (muligvis kræftfremkaldende for mennesker) baseret på dyreforsøg.","EFSA's genvurdering fra 2011 fandt ingen genotoksicitet, men justerede ADI'en op grundet dyreforsøg; stoffet er fortsat godkendt i EU med denne ADI.",https://www.efsa.europa.eu/en/efsajournal/pub/2392,EFSA (2011)
E321,Butylated hydroxytoluene (BHT),BHT,Antioxidant,"EFSA bekræftede i 2012 en ADI på 0,25 mg/kg kropsvægt/dag og fandt ingen genotoksisk risiko ved overholdelse af denne grænse.",EFSA's genvurdering i 2012 fastholdt godkendelsen af BHT med uændret ADI.,https://www.efsa.europa.eu/en/efsajournal/pub/2588,EFSA (2012)
E322,Lecithins,"Lecithin, ofte sojalecithin (kan også være solsikke- eller rapsbaseret)",Emulgator/antioxidant,"Ikke en sikkerhedsrisiko ved normalt indtag, men kan udgøre en allergirisiko for personer med sojaallergi, da lecithin ofte er sojabaseret; sojaoprindelse skal deklareres som allergen jf. EU's fødevareinformationsregler.","EFSA har ikke fundet sikkerhedsmæssige problemer ved lecithin som tilsætningsstof; opmærksomheden knytter sig til allergenmærkning, ikke til stoffets toksikologi.",https://www.efsa.europa.eu/en/topics/topic/food-additives,EFSA / EU-forordning 1169/2011 (allergenmærkning)
E325,Sodium lactate,Natriumlactat,Surhedsregulerende middel,"Ingen dokumenteret EU-specifik advarsel; vurderes sikkert inden for fastsat ADI (intet numerisk loft fastsat, da stoffet metaboliseres som almindeligt mælkesyresalt).","Mælkesyre og dens salte (E325-327) er blandt de ældre, brede godkendte tilsætningsstoffer, som EFSA ikke har fundet anledning til at genvurdere skærpet.",https://food.ec.europa.eu/food-safety/food-improvement-agents/additives/database_en,EU-database over fødevaretilsætningsstoffer
E326,Potassium lactate,Kaliumlactat,Surhedsregulerende middel,Ingen dokumenteret EU-specifik advarsel; vurderes sikkert inden for fastsat ADI.,Samme vurderingsgrundlag som for E325.,https://food.ec.europa.eu/food-safety/food-improvement-agents/additives/database_en,EU-database over fødevaretilsætningsstoffer
E327,Calcium lactate,Calciumlactat,Surhedsregulerende middel,Ingen dokumenteret EU-specifik advarsel; vurderes sikkert inden for fastsat ADI.,Samme vurderingsgrundlag som for E325.,https://food.ec.europa.eu/food-safety/food-improvement-agents/additives/database_en,EU-database over fødevaretilsætningsstoffer
E330,Citric acid,Citronsyre,Surhedsregulerende middel/antioxidant,"Ingen dokumenteret EU-specifik advarsel; vurderes sikkert inden for fastsat ADI (intet numerisk loft, da citronsyre er en naturlig del af stofskiftet). Hyppig brug kan i sjældne tilfælde bidrage til tanderosion pga. syreindhold i drikkevarer.",Citronsyre er blandt de mest udbredte og bedst dokumenterede tilsætningsstoffer; EFSA har ikke fundet grundlag for restriktioner.,https://food.ec.europa.eu/food-safety/food-improvement-agents/additives/database_en,EU-database over fødevaretilsætningsstoffer
E331,Sodium citrates,"Natriumcitrat (mono-, di-, tri-)",Surhedsregulerende middel,Ingen dokumenteret EU-specifik advarsel; vurderes sikkert inden for fastsat ADI.,"Del af den brede citrat-gruppe, som EFSA vurderer som lavrisiko.",https://food.ec.europa.eu/food-safety/food-improvement-agents/additives/database_en,EU-database over fødevaretilsætningsstoffer
E332,Potassium citrates,Kaliumcitrat,Surhedsregulerende middel,Ingen dokumenteret EU-specifik advarsel; vurderes sikkert inden for fastsat ADI.,Samme vurderingsgrundlag som for E331.,https://food.ec.europa.eu/food-safety/food-improvement-agents/additives/database_en,EU-database over fødevaretilsætningsstoffer
E333,Calcium citrates,Calciumcitrat,Surhedsregulerende middel,Ingen dokumenteret EU-specifik advarsel; vurderes sikkert inden for fastsat ADI.,Samme vurderingsgrundlag som for E331.,https://food.ec.europa.eu/food-safety/food-improvement-agents/additives/database_en,EU-database over fødevaretilsætningsstoffer
E334,L-(+)-tartaric acid,Vinsyre,Surhedsregulerende middel/antioxidant,Ingen dokumenteret EU-specifik advarsel; vurderes sikkert inden for fastsat ADI.,Naturligt forekommende syre i druer/vin; EFSA har ikke fundet sikkerhedsmæssige problemer ved brug som tilsætningsstof.,https://food.ec.europa.eu/food-safety/food-improvement-agents/additives/database_en,EU-database over fødevaretilsætningsstoffer
E335,Sodium tartrates,Natriumtartrat,Surhedsregulerende middel,Ingen dokumenteret EU-specifik advarsel; vurderes sikkert inden for fastsat ADI.,"Del af tartrat-gruppen (E334-337), vurderet lavrisiko af EFSA.",https://food.ec.europa.eu/food-safety/food-improvement-agents/additives/database_en,EU-database over fødevaretilsætningsstoffer
E336,Potassium tartrates,Kaliumtartrat (bl.a. cremortartari),Surhedsregulerende middel,Ingen dokumenteret EU-specifik advarsel; vurderes sikkert inden for fastsat ADI.,Samme vurderingsgrundlag som for E335.,https://food.ec.europa.eu/food-safety/food-improvement-agents/additives/database_en,EU-database over fødevaretilsætningsstoffer
E337,Sodium potassium tartrate,"Natrium-kalium-tartrat, Seignettesalt",Surhedsregulerende middel,Ingen dokumenteret EU-specifik advarsel; vurderes sikkert inden for fastsat ADI.,Samme vurderingsgrundlag som for E335-336.,https://food.ec.europa.eu/food-safety/food-improvement-agents/additives/database_en,EU-database over fødevaretilsætningsstoffer
E338,Phosphoric acid,Phosphorsyre,Surhedsregulerende middel,"EFSA fastsatte i 2019 en fælles gruppe-ADI for phosphater på 40 mg phosphor/kg kropsvægt/dag og vurderede, at nogle befolkningsgrupper (bl.a. børn og storforbrugere af sodavand, forarbejdet kød og ost) kan overskride denne ADI. Der er desuden peget på mulig sammenhæng mellem kronisk højt phosphatindtag og kardiovaskulær risiko, som fortsat undersøges.","EFSA's genvurdering fra 2019 dækkede phosphorsyre og phosphater (E338-341, E343, E450-452) samlet og indførte den nye gruppe-ADI netop pga. bekymring om samlet eksponering.",https://efsa.onlinelibrary.wiley.com/doi/10.2903/j.efsa.2019.5674,EFSA (2019)
E339,Sodium phosphates,Natriumphosphat,Surhedsregulerende middel,"Omfattet af EFSA's gruppe-ADI for phosphater (40 mg phosphor/kg kropsvægt/dag, 2019); høj eksponering hos visse grupper kan overskride ADI, se E338.",Del af samme EFSA-genvurdering som E338.,https://efsa.onlinelibrary.wiley.com/doi/10.2903/j.efsa.2019.5674,EFSA (2019)
E340,Potassium phosphates,Kaliumphosphat,Surhedsregulerende middel,"Omfattet af EFSA's gruppe-ADI for phosphater (40 mg phosphor/kg kropsvægt/dag, 2019); høj eksponering hos visse grupper kan overskride ADI, se E338.",Del af samme EFSA-genvurdering som E338.,https://efsa.onlinelibrary.wiley.com/doi/10.2903/j.efsa.2019.5674,EFSA (2019)
E341,Calcium phosphates,Calciumphosphat,Surhedsregulerende middel/fastholdelsesmiddel,"Omfattet af EFSA's gruppe-ADI for phosphater (40 mg phosphor/kg kropsvægt/dag, 2019); høj eksponering hos visse grupper kan overskride ADI, se E338.",Del af samme EFSA-genvurdering som E338.,https://efsa.onlinelibrary.wiley.com/doi/10.2903/j.efsa.2019.5674,EFSA (2019)
E343,Magnesium phosphates,Magnesiumphosphat,Surhedsregulerende middel,"Omfattet af EFSA's gruppe-ADI for phosphater (40 mg phosphor/kg kropsvægt/dag, 2019); høj eksponering hos visse grupper kan overskride ADI, se E338.",Del af samme EFSA-genvurdering som E338.,https://efsa.onlinelibrary.wiley.com/doi/10.2903/j.efsa.2019.5674,EFSA (2019)
E345,Trimagnesium dicitrate,Magnesiumcitrat,Surhedsregulerende middel,Ingen dokumenteret EU-specifik advarsel; vurderes sikkert inden for fastsat ADI.,Godkendt tilsætningsstof i EU's positivliste (Annex II til forordning 1333/2008); ikke genstand for særskilt EFSA-advarsel.,https://food.ec.europa.eu/food-safety/food-improvement-agents/additives/database_en,EU-database over fødevaretilsætningsstoffer
E350,Sodium malates,Natriummalat,Surhedsregulerende middel,Ingen dokumenteret EU-specifik advarsel; vurderes sikkert inden for fastsat ADI.,Æblesyre-salte vurderes lavrisiko af EFSA; ingen skærpet regulering.,https://food.ec.europa.eu/food-safety/food-improvement-agents/additives/database_en,EU-database over fødevaretilsætningsstoffer
E351,Potassium malate,Kaliummalat,Surhedsregulerende middel,Ingen dokumenteret EU-specifik advarsel; vurderes sikkert inden for fastsat ADI.,Samme vurderingsgrundlag som for E350.,https://food.ec.europa.eu/food-safety/food-improvement-agents/additives/database_en,EU-database over fødevaretilsætningsstoffer
E352,Calcium malates,Calciummalat,Surhedsregulerende middel,Ingen dokumenteret EU-specifik advarsel; vurderes sikkert inden for fastsat ADI.,Samme vurderingsgrundlag som for E350.,https://food.ec.europa.eu/food-safety/food-improvement-agents/additives/database_en,EU-database over fødevaretilsætningsstoffer
E353,Metatartaric acid,Metavinsyre,Surhedsregulerende middel,Ingen dokumenteret EU-specifik advarsel; vurderes sikkert inden for fastsat ADI. Anvendes primært i vin.,Godkendt tilsætningsstof primært til vinfremstilling; ingen særskilt EFSA-advarsel fundet.,https://food.ec.europa.eu/food-safety/food-improvement-agents/additives/database_en,EU-database over fødevaretilsætningsstoffer
E354,Calcium tartrate,Calciumtartrat,Surhedsregulerende middel,Ingen dokumenteret EU-specifik advarsel; vurderes sikkert inden for fastsat ADI.,Del af tartrat-gruppen; ingen skærpet regulering fundet.,https://food.ec.europa.eu/food-safety/food-improvement-agents/additives/database_en,EU-database over fødevaretilsætningsstoffer
E355,Adipic acid,Adipinsyre,Surhedsregulerende middel,Ingen dokumenteret EU-specifik advarsel; vurderes sikkert inden for fastsat ADI.,Godkendt tilsætningsstof; ingen skærpet EFSA-advarsel fundet.,https://food.ec.europa.eu/food-safety/food-improvement-agents/additives/database_en,EU-database over fødevaretilsætningsstoffer
E356,Sodium adipate,Natriumadipat,Surhedsregulerende middel,Ingen dokumenteret EU-specifik advarsel; vurderes sikkert inden for fastsat ADI.,Samme vurderingsgrundlag som for E355.,https://food.ec.europa.eu/food-safety/food-improvement-agents/additives/database_en,EU-database over fødevaretilsætningsstoffer
E357,Potassium adipate,Kaliumadipat,Surhedsregulerende middel,Ingen dokumenteret EU-specifik advarsel; vurderes sikkert inden for fastsat ADI.,Samme vurderingsgrundlag som for E355.,https://food.ec.europa.eu/food-safety/food-improvement-agents/additives/database_en,EU-database over fødevaretilsætningsstoffer
E363,Succinic acid,Ravsyre,Surhedsregulerende middel,Ingen dokumenteret EU-specifik advarsel; vurderes sikkert inden for fastsat ADI.,Naturligt forekommende syre; ingen skærpet EFSA-advarsel fundet.,https://food.ec.europa.eu/food-safety/food-improvement-agents/additives/database_en,EU-database over fødevaretilsætningsstoffer
E380,Triammonium citrate,Triammoniumcitrat,Surhedsregulerende middel,Ingen dokumenteret EU-specifik advarsel; vurderes sikkert inden for fastsat ADI.,Godkendt tilsætningsstof i EU's positivliste; ingen særskilt EFSA-advarsel fundet.,https://food.ec.europa.eu/food-safety/food-improvement-agents/additives/database_en,EU-database over fødevaretilsætningsstoffer
E385,Calcium disodium EDTA,"Calciumdinatrium-EDTA, calciumdinatriumethylendiamintetraacetat",Antioxidant/kompleksbindingsmiddel,"EFSA har fastsat en ADI (2,5 mg/kg kropsvægt/dag); ved meget høj indtagelse kan EDTA i teorien binde og reducere optagelsen af mineraler som jern og zink, men dette anses ikke for en risiko ved normalt fødevareindtag.",EFSA har genvurderet calciumdinatrium-EDTA og bekræftet en ADI uden at finde ny grund til bekymring ved overholdelse heraf.,https://www.efsa.europa.eu/en/efsajournal/pub/3729,EFSA (2014)
E392,Extracts of rosemary,Rosmarinekstrakt,Antioxidant,Ingen dokumenteret EU-specifik advarsel; vurderes sikkert inden for fastsat ADI. Godkendt i EU i 2010 som naturligt alternativ til syntetiske antioxidanter som BHA/BHT.,EFSA vurderede rosmarinekstrakt ved godkendelsen i 2010 og har senere lavet en opdateret eksponeringsvurdering (2015) uden at finde sikkerhedsproblemer.,https://www.ncbi.nlm.nih.gov/pmc/articles/PMC7009710/,EFSA (2015)
E400,Alginic acid,Alginsyre,Fortykningsmiddel og stabilisator,Ingen dokumenteret EU-specifik advarsel; vurderes sikkert inden for fastsat ADI.,"EFSA's genvurdering i 2017 konkluderede at der ikke er behov for et numerisk ADI for alginsyre og dets salte; ingen sikkerhedsbekymring ved rapporteret brug, men eksponering hos spædbørn/småbørn bør holdes under terapeutiske doser.",https://www.efsa.europa.eu/en/efsajournal/pub/5049,"EFSA, 2017"
E401,Sodium alginate,Natriumalginat,Fortykningsmiddel og stabilisator,Ingen dokumenteret EU-specifik advarsel; vurderes sikkert inden for fastsat ADI.,"Del af EFSA's samlede 2017-genvurdering af E400-E404; intet numerisk ADI fundet nødvendigt, ingen sikkerhedsbekymring ved rapporteret brug.",https://www.efsa.europa.eu/en/efsajournal/pub/5049,"EFSA, 2017"
E402,Potassium alginate,Kaliumalginat,Fortykningsmiddel og stabilisator,Ingen dokumenteret EU-specifik advarsel; vurderes sikkert inden for fastsat ADI.,"Del af EFSA's samlede 2017-genvurdering af E400-E404; intet numerisk ADI fundet nødvendigt, ingen sikkerhedsbekymring ved rapporteret brug.",https://www.efsa.europa.eu/en/efsajournal/pub/5049,"EFSA, 2017"
E403,Ammonium alginate,Ammoniumalginat,Fortykningsmiddel og stabilisator,Ingen dokumenteret EU-specifik advarsel; vurderes sikkert inden for fastsat ADI.,"Del af EFSA's samlede 2017-genvurdering af E400-E404; intet numerisk ADI fundet nødvendigt, ingen sikkerhedsbekymring ved rapporteret brug.",https://www.efsa.europa.eu/en/efsajournal/pub/5049,"EFSA, 2017"
E404,Calcium alginate,Calciumalginat,Fortykningsmiddel og stabilisator,Ingen dokumenteret EU-specifik advarsel; vurderes sikkert inden for fastsat ADI.,"Del af EFSA's samlede 2017-genvurdering af E400-E404; intet numerisk ADI fundet nødvendigt, ingen sikkerhedsbekymring ved rapporteret brug.",https://www.efsa.europa.eu/en/efsajournal/pub/5049,"EFSA, 2017"
E405,"Propane-1,2-diol alginate","Propylenglycolalginat, PGA",Emulgator og stabilisator,Ingen dokumenteret EU-specifik advarsel; vurderes sikkert inden for fastsat ADI.,EFSA genvurderede E405 separat (2018) fra de øvrige alginater; ingen ny sikkerhedsbekymring identificeret ved rapporteret brug.,https://www.efsa.europa.eu/en/efsajournal/pub/5049,"EFSA, 2018"
E406,Agar,Agar-agar,Geleringsmiddel og stabilisator,Ingen dokumenteret EU-specifik advarsel; vurderes sikkert inden for fastsat ADI.,EFSA's genvurdering (2016) bekræftede et 'ikke specificeret' ADI som fastsat af Scientific Committee for Food i 1989; ingen nye sikkerhedsproblemer fundet.,https://efsa.onlinelibrary.wiley.com/doi/full/10.2903/j.efsa.2016.4645,"EFSA, 2016"
E407,Carrageenan,Carragenan,"Geleringsmiddel, fortykningsmiddel og stabilisator",EFSA advarer mod brug i modermælkserstatning fra fødslen; degraderet carrageenan (poligeenan) er ikke godkendt og mistænkes for at kunne irritere mave-tarmkanalen.,"EFSA's genvurdering i 2018 fastsatte et midlertidigt gruppe-ADI på 75 mg/kg kropsvægt/dag i afventning af yderligere data, og fastholdt at carrageenan ikke bør bruges i modermælkserstatning fra fødslen, mens begrænset brug i tilskuds- og overgangskost er tilladt.",https://efsa.onlinelibrary.wiley.com/doi/10.2903/j.efsa.2018.5238,"EFSA, 2018"
E407a,Processed eucheuma seaweed (PES),Forarbejdet euchema-tang,Geleringsmiddel og stabilisator,Ingen dokumenteret EU-specifik advarsel; vurderes sikkert inden for fastsat ADI.,Genvurderet sammen med carrageenan i EFSA's 2018-opinion; samme midlertidige gruppe-ADI på 75 mg/kg kropsvægt/dag gælder.,https://efsa.onlinelibrary.wiley.com/doi/10.2903/j.efsa.2018.5238,"EFSA, 2018"
E410,Locust bean gum,"Johannesbrødkernemel, carob-gummi",Fortykningsmiddel og stabilisator,Ingen dokumenteret EU-specifik advarsel; vurderes sikkert inden for fastsat ADI.,"EFSA's genvurdering konkluderede at der ikke var behov for et numerisk ADI, og at der ikke var sikkerhedsbekymring ved rapporteret brug.",https://www.ncbi.nlm.nih.gov/pmc/articles/PMC7010100/,EFSA
E412,Guar gum,"Guarkernemel, guargummi",Fortykningsmiddel og stabilisator,Ingen dokumenteret EU-specifik advarsel; vurderes sikkert inden for fastsat ADI.,EFSA's genvurdering (2017) fandt ingen sikkerhedsbekymring ved rapporteret brug som fødevaretilsætningsstof.,https://efsa.onlinelibrary.wiley.com/doi/full/10.2903/j.efsa.2017.4669,"EFSA, 2017"
E413,Tragacanth,Tragantgummi,"Fortykningsmiddel, stabilisator og emulgator",Ingen dokumenteret EU-specifik advarsel; vurderes sikkert inden for fastsat ADI.,EFSA's genvurdering (2017) fandt ingen sikkerhedsbekymring ved rapporteret brug.,https://efsa.onlinelibrary.wiley.com/doi/10.2903/j.efsa.2017.4789,"EFSA, 2017"
E414,Acacia gum (gum arabic),"Akaciegummi, gummi arabicum",Emulgator og stabilisator,Ingen dokumenteret EU-specifik advarsel; vurderes sikkert inden for fastsat ADI.,"EFSA's genvurdering (2017/2019) fandt ingen sikkerhedsbekymring, herunder en opfølgende vurdering specifikt for brug i mad til spædbørn under 16 uger.",https://efsa.onlinelibrary.wiley.com/doi/10.2903/j.efsa.2019.5922,"EFSA, 2019"
E415,Xanthan gum,Xantangummi,Fortykningsmiddel og stabilisator,Ingen dokumenteret EU-specifik advarsel; vurderes sikkert inden for fastsat ADI.,EFSA's genvurdering (2017) fandt ingen sikkerhedsbekymring ved rapporteret brug.,https://efsa.onlinelibrary.wiley.com/doi/full/10.2903/j.efsa.2017.4909,"EFSA, 2017"
E416,Karaya gum,Karayagummi,Fortykningsmiddel og stabilisator,Ingen dokumenteret EU-specifik advarsel; vurderes sikkert inden for fastsat ADI.,"EFSA's genvurdering (2016) trak det tidligere ADI på 12,5 mg/kg kropsvægt/dag tilbage, da et numerisk ADI ikke vurderedes nødvendigt; ingen sikkerhedsbekymring fundet.",https://efsa.onlinelibrary.wiley.com/doi/full/10.2903/j.efsa.2016.4598,"EFSA, 2016"
E417,Tara gum,Taragummi,Fortykningsmiddel og stabilisator,Ingen dokumenteret EU-specifik advarsel; vurderes sikkert inden for fastsat ADI.,EFSA's genvurdering (2017) fandt ingen sikkerhedsbekymring ved rapporteret brug.,https://efsa.onlinelibrary.wiley.com/doi/10.2903/j.efsa.2017.4863,"EFSA, 2017"
E418,Gellan gum,Gellangummi,Geleringsmiddel og stabilisator,Ingen dokumenteret EU-specifik advarsel; vurderes sikkert inden for fastsat ADI.,Ingen særskilt forskningsomtale fundet.,https://food.ec.europa.eu/food-safety/food-improvement-agents/additives/eu-rules_en,"EU-Kommissionen, Forordning 1333/2008"
E420,Sorbitols,"Sorbitol, D-glucitol","Sødemiddel, fugtighedsbevarende middel og konsistensgiver, bruges bl.a. i sukkerfri tyggegummi og slik","Tilhører gruppen polyoler; ved indtag over 10 g pr. dag/over grænseværdien for tilsatte polyoler skal fødevaren mærkes med, at ""kan have afførende virkning ved større indtagelse"" (EU-krav for polyoler).",EFSA har i den løbende revurdering efterspurgt supplerende gentoksicitetsdata for sorbitol (E420(i)); ingen akut sikkerhedsbekymring rejst.,https://www.efsa.europa.eu/en/call/call-data-genotoxicity-data-sorbitol-e-420-i,EFSA / EU-Kommissionen (Forordning (EF) nr. 1333/2008)
E421,Mannitol,Mannitol,"Sødemiddel og klumpeforebyggende middel, bruges bl.a. i sukkerfrit slik og tyggegummi","Tilhører gruppen polyoler; fødevarer med over 10% tilsatte polyoler skal mærkes med, at det ""kan have afførende virkning ved større indtagelse"".",Ingen særskilt ny forskningsomtale fundet ud over den generelle polyol-revurdering.,https://eur-lex.europa.eu/legal-content/EN/TXT/?uri=CELEX:32008R1333,"EU-Kommissionen (Forordning (EF) nr. 1333/2008, Bilag II og III)"
E422,Glycerol,"Glycerin, glycerol",Fugtighedsbevarende middel og opløsningsmiddel i bl.a. bagværk og konfekture,Ingen dokumenteret EU-specifik advarsel; vurderes sikkert inden for fastsat ADI.,"EFSA konkluderede ved revurdering i 2017/2023, at der ikke er sikkerhedsmæssige betænkeligheder ved anvendelsen af glycerol som tilsætningsstof.",https://www.efsa.europa.eu/en/efsajournal,"EFSA (Re-evaluation of glycerol, 2017; specifikationsændring 2023/1329)"
E423,Octenyl succinic acid modified gum arabic,OSA-modificeret gummi arabicum,"Emulgator, bruges bl.a. i drikkevarer med frugtsaft, energidrikke og glasurer",Ingen dokumenteret EU-specifik advarsel; vurderes sikkert inden for fastsat ADI.,"EFSA konkluderede, at anvendelsen som emulgator ved de foreslåede anvendelser ikke giver anledning til sikkerhedsmæssige betænkeligheder.",https://eur-lex.europa.eu/legal-content/EN/TXT/?uri=CELEX:32013R0817,"EU-Kommissionen, Forordning (EU) nr. 817/2013"
E425,"Konjac gum, konjac glucomannan","Konjak, konjakgummi","Konsistensgiver og stabilisator, bl.a. i konfekture og konjaknudler",Konjakgele-produkter (mini-cups) er forbudt i EU pga. kvælningsfare hos børn; selve tilsætningsstoffet vurderes sikkert inden for godkendt brug.,EFSA's revurdering (2017) af konjakgummi (E425(i)) og konjak-glucomannan (E425(ii)) fandt ingen sikkerhedsmæssige betænkeligheder ved de godkendte anvendelser.,https://efsa.onlinelibrary.wiley.com/doi/10.2903/j.efsa.2017.4864,"EFSA (Re-evaluation of konjac gum and konjac glucomannan, 2017)"
E426,Soybean hemicellulose,Sojabønne-hemicellulose,Stabilisator og emulgator i bl.a. drikkevarer og saucer,Ingen dokumenteret EU-specifik advarsel; vurderes sikkert inden for fastsat ADI.,EFSA's revurdering (2017) konkluderede ingen sikkerhedsmæssige betænkeligheder ved anvendelsen som tilsætningsstof.,https://www.efsa.europa.eu/en/efsajournal/pub/4721,"EFSA (Re-evaluation of soybean hemicellulose, 2017)"
E427,Cassia gum,Cassiagummi,"Konsistensgiver og stabilisator, bl.a. i kødprodukter og saucer",Ingen dokumenteret EU-specifik advarsel; vurderes sikkert inden for fastsat ADI.,Ingen særskilt forskningsomtale fundet ud over godkendelsesgrundlaget.,https://eur-lex.europa.eu/legal-content/EN/TXT/?uri=CELEX:32008R1333,"EU-Kommissionen (Forordning (EF) nr. 1333/2008, Bilag II)"
E431,Polyoxyethylene (40) stearate,Polyoxyethylen(40)stearat,"Emulgator, bruges bl.a. i visse kosttilskud og specialfødevarer",Gruppe-ADI sammen med polysorbater fastsat af JECFA/SCF; ingen særskilt EU-advarsel ud over dette.,JECFA/SCF har fastsat gruppe-ADI for polyoxyethylenstearater og polysorbater; ingen ny sikkerhedsbekymring rejst.,https://www.legislation.gov.uk/eur/2008/1333/annex/II/2024-06-28,"EU-Kommissionen (Forordning (EF) nr. 1333/2008, Bilag II)"
E432,Polyoxyethylene sorbitan monolaurate (polysorbate 20),Polysorbat 20,"Emulgator, bruges i bl.a. konditorvarer og kosttilskud",Ingen dokumenteret EU-specifik advarsel; vurderes sikkert inden for fastsat ADI.,EFSA's revurdering af polysorbater (E432-E436) fandt en gruppe-ADI på 25 mg/kg kropsvægt/dag (JECFA) hhv. 10 mg/kg (SCF); ingen akut sikkerhedsbekymring.,https://proe.info/en/documents/evaluation-food-additives-e432-e433-e434-e435-and-e436,EFSA (Re-evaluation of polysorbates E432-E436)
E433,Polyoxyethylene sorbitan monooleate (polysorbate 80),Polysorbat 80,"Emulgator, bruges i bl.a. is, sauce og kosttilskud",Ingen dokumenteret EU-specifik advarsel; vurderes sikkert inden for fastsat ADI.,Samme EFSA-revurdering som for E432; gruppe-ADI på 25 mg/kg (JECFA) hhv. 10 mg/kg (SCF) kropsvægt/dag.,https://proe.info/en/documents/evaluation-food-additives-e432-e433-e434-e435-and-e436,EFSA (Re-evaluation of polysorbates E432-E436)
E434,Polyoxyethylene sorbitan monopalmitate (polysorbate 40),Polysorbat 40,"Emulgator, bruges bl.a. i bagværk og kosttilskud",Ingen dokumenteret EU-specifik advarsel; vurderes sikkert inden for fastsat ADI.,Samme EFSA-revurdering som for E432; gruppe-ADI på 25 mg/kg (JECFA) hhv. 10 mg/kg (SCF) kropsvægt/dag.,https://proe.info/en/documents/evaluation-food-additives-e432-e433-e434-e435-and-e436,EFSA (Re-evaluation of polysorbates E432-E436)
E435,Polyoxyethylene sorbitan monostearate (polysorbate 60),Polysorbat 60,"Emulgator, bruges bl.a. i konditorvarer og kosttilskud",Ingen dokumenteret EU-specifik advarsel; vurderes sikkert inden for fastsat ADI.,Samme EFSA-revurdering som for E432; gruppe-ADI på 25 mg/kg (JECFA) hhv. 10 mg/kg (SCF) kropsvægt/dag.,https://data.food.gov.uk/regulated-products/food_authorisations/e-435,EFSA (Re-evaluation of polysorbates E432-E436)
E436,Polyoxyethylene sorbitan tristearate (polysorbate 65),Polysorbat 65,"Emulgator, bruges bl.a. i konditorvarer",Ingen dokumenteret EU-specifik advarsel; vurderes sikkert inden for fastsat ADI.,Samme EFSA-revurdering som for E432; gruppe-ADI på 25 mg/kg (JECFA) hhv. 10 mg/kg (SCF) kropsvægt/dag.,https://proe.info/en/documents/evaluation-food-additives-e432-e433-e434-e435-and-e436,EFSA (Re-evaluation of polysorbates E432-E436)
E440,"Pectins (pectin, amidated pectin)","Pektin, amideret pektin","Geleringsmiddel og konsistensgiver, bl.a. i syltetøj og mejeriprodukter",Ingen dokumenteret EU-specifik advarsel; vurderes sikkert inden for fastsat ADI.,EFSA's revurdering af pektin (E440(i)) og amideret pektin (E440(ii)) fandt ingen sikkerhedsmæssige betænkeligheder ved de godkendte anvendelser.,https://www.ncbi.nlm.nih.gov/pmc/articles/PMC7010145/,EFSA (Re-evaluation of pectin E440(i) and amidated pectin E440(ii))
E442,Ammonium phosphatides,Ammoniumphosphatider,"Emulgator, bruges primært i kakao- og chokoladeprodukter",Ingen dokumenteret EU-specifik advarsel; vurderes sikkert inden for fastsat ADI.,Ingen særskilt forskningsomtale fundet ud over godkendelsesgrundlaget.,https://www.legislation.gov.uk/eur/2008/1333/annex/II/2024-06-28,"EU-Kommissionen (Forordning (EF) nr. 1333/2008, Bilag II)"
E444,Sucrose acetate isobutyrate,Saccharoseacetatisobutyrat (SAIB),"Emulgator/vægtstabilisator, bruges til at holde smagsstoffer og olier suspenderet i læskedrikke",Ingen dokumenteret EU-specifik advarsel; vurderes sikkert inden for fastsat ADI.,Ingen særskilt forskningsomtale fundet ud over godkendelsesgrundlaget.,https://www.legislation.gov.uk/eur/2008/1333/annex/II/2024-06-28,"EU-Kommissionen (Forordning (EF) nr. 1333/2008, Bilag II)"
E445,Glycerol esters of wood rosin,Glycerolestere af trærosin,"Emulgator/vægtstabilisator, bruges til at holde smagsstoffer suspenderet i læskedrikke",Ingen dokumenteret EU-specifik advarsel; vurderes sikkert inden for fastsat ADI.,Ingen særskilt forskningsomtale fundet ud over godkendelsesgrundlaget.,https://www.legislation.gov.uk/eur/2008/1333/annex/II/2024-06-28,"EU-Kommissionen (Forordning (EF) nr. 1333/2008, Bilag II)"
E450,Diphosphates,Difosfater,Surhedsregulerende middel og stabilisator; bruges bl.a. i kød- og osteprodukter samt bagepulver til at binde vand og forbedre struktur.,Indgår i EFSA's samlede fosfat-ADI sammen med E338-343 og E451-452; høj indtagelse (især hos børn) kan i visse tilfælde overskride den fastsatte ADI.,"EFSA's videnskabelige udtalelse fra 2019 fastsatte en samlet gruppe-ADI for fosfater på 40 mg fosfor/kg kropsvægt/dag og pegede på, at spædbørn, småbørn og børn i høj-indtagsscenarier kan overskride denne ADI.",https://efsa.onlinelibrary.wiley.com/doi/10.2903/j.efsa.2019.5674,EFSA (2019)
E451,Triphosphates,Trifosfater,"Stabilisator og surhedsregulerende middel; anvendes til vandbinding i kød, fisk og mejeriprodukter.","Del af EFSA's samlede fosfat-ADI; høje indtag kan overskride den fastsatte grænse, især hos børn.","Samme 2019-genvurdering som for E450/E452: gruppe-ADI på 40 mg P/kg kropsvægt/dag, med bekymring for overskridelse hos følsomme grupper.",https://efsa.onlinelibrary.wiley.com/doi/10.2903/j.efsa.2019.5674,EFSA (2019)
E452,Polyphosphates,Polyfosfater,"Stabilisator, emulgator og surhedsregulerende middel; bruges i kød-, fiske- og osteprodukter samt til at forbedre teksturen i bagværk.","Del af EFSA's samlede fosfat-ADI; høje indtag kan overskride den fastsatte grænse, især hos børn.","Samme 2019-genvurdering som for E450/E451: gruppe-ADI på 40 mg P/kg kropsvægt/dag, med bekymring for overskridelse hos følsomme grupper.",https://efsa.onlinelibrary.wiley.com/doi/10.2903/j.efsa.2019.5674,EFSA (2019)
E456,Potassium polyaspartate,Kaliumpolyaspartat,Stabilisator; bruges udelukkende i vin til at forhindre udfældning af vinsten (tartratkrystaller).,Ingen dokumenteret EU-specifik advarsel; vurderes sikkert inden for fastsat ADI.,"EFSA vurderede i 2016, at der ikke var sikkerhedsmæssige betænkeligheder ved den foreslåede anvendelse i vin op til 300 mg/L.",https://food.ec.europa.eu/document/download/a9ae3e53-2504-4cc4-a5ed-2d9499ccb8ca_en,EFSA (2016) / EU-forordning 2017/1399
E459,Beta-cyclodextrin,Beta-cyklodextrin,"Stabilisator, bærestof og indkapslingsmiddel for aromastoffer og andre ingredienser.",Ingen dokumenteret EU-specifik advarsel; vurderes sikkert inden for fastsat ADI.,EFSA's genvurdering i 2016 bekræftede sikkerheden ved nuværende brug og fastsatte ikke behov for en numerisk ADI.,https://efsa.onlinelibrary.wiley.com/doi/10.2903/j.efsa.2016.4628,EFSA (2016)
E460,"Cellulose, mikrokrystallinsk cellulose, pulvercellulose",,"Fyldstof, antiklumpningsmiddel og stabilisator; bruges bl.a. i revet ost, kosttilskud og bagværk.",Ingen dokumenteret EU-specifik advarsel; vurderes sikkert inden for fastsat ADI.,EFSA's 2019-genvurdering af cellulosegruppen (E460-469) bekræftede generelt sikkerheden ved nuværende brug.,https://pmc.ncbi.nlm.nih.gov/articles/PMC7009359/,EFSA (2019)
E461,Methyl cellulose,Methylcellulose,"Fortykningsmiddel, stabilisator og emulgator; bruges bl.a. i saucer, bagværk og vegetariske produkter.",Ingen dokumenteret EU-specifik advarsel; vurderes sikkert inden for fastsat ADI.,Indgik i EFSA's samlede genvurdering af celluloser (E460-469) i 2019 uden nye sikkerhedsbekymringer.,https://pmc.ncbi.nlm.nih.gov/articles/PMC7009359/,EFSA (2019)
E462,Ethyl cellulose,Ethylcellulose,Bærestof og overtræksmiddel; bruges bl.a. til at indkapsle aromastoffer og vitaminer.,Ingen dokumenteret EU-specifik advarsel; vurderes sikkert inden for fastsat ADI.,Indgik i EFSA's samlede genvurdering af celluloser (E460-469) i 2019 uden nye sikkerhedsbekymringer.,https://pmc.ncbi.nlm.nih.gov/articles/PMC7009359/,EFSA (2019)
E463,Hydroxypropyl cellulose,Hydroxypropylcellulose,"Fortykningsmiddel, stabilisator og overtræksmiddel; bruges bl.a. i kosttilskud og bagværk.",Ingen dokumenteret EU-specifik advarsel; vurderes sikkert inden for fastsat ADI.,Indgik i EFSA's samlede genvurdering af celluloser (E460-469) i 2019 uden nye sikkerhedsbekymringer.,https://pmc.ncbi.nlm.nih.gov/articles/PMC7009359/,EFSA (2019)
E464,Hydroxypropyl methyl cellulose,Hydroxypropylmethylcellulose (HPMC),"Fortykningsmiddel, stabilisator og emulgator; bruges bl.a. i kapsler, bagværk og lavfedt-produkter.",Ingen dokumenteret EU-specifik advarsel; vurderes sikkert inden for fastsat ADI.,Indgik i EFSA's samlede genvurdering af celluloser (E460-469) i 2019 uden nye sikkerhedsbekymringer.,https://pmc.ncbi.nlm.nih.gov/articles/PMC7009359/,EFSA (2019)
E465,Ethyl methyl cellulose,Ethylmethylcellulose,"Emulgator, stabilisator og skummiddel.",Ingen dokumenteret EU-specifik advarsel; vurderes sikkert inden for fastsat ADI.,Indgik i EFSA's samlede genvurdering af celluloser (E460-469) i 2019 uden nye sikkerhedsbekymringer.,https://pmc.ncbi.nlm.nih.gov/articles/PMC7009359/,EFSA (2019)
E466,Sodium carboxymethyl cellulose,"Natriumcarboxymethylcellulose, cellulosegummi","Fortykningsmiddel, stabilisator og emulgator; udbredt i saucer, is, bagværk og lavfedt-produkter.",Ikke tilstrækkelige data til at vurdere sikkerheden ved brug i specialfødevarer til spædbørn og småbørn (6 måneder til 3 år); anvendes ikke i mad til spædbørn under 16 uger.,"EFSA's genvurdering i 2018/2022 anbefalede lavere grænseværdier for tungmetaller (arsen, bly, cadmium, kviksølv) i specifikationerne, da faktiske niveauer er langt under de nuværende grænser.",https://pmc.ncbi.nlm.nih.gov/articles/PMC9732683/,EFSA (2018/2022)
E468,Crosslinked sodium carboxymethyl cellulose,Tværbundet natriumcarboxymethylcellulose,Stabilisator og fortykningsmiddel; bruges bl.a. i kosttilskudstabletter.,Ingen dokumenteret EU-specifik advarsel; vurderes sikkert inden for fastsat ADI.,Indgik i EFSA's samlede genvurdering af celluloser (E460-469) i 2019 uden nye sikkerhedsbekymringer.,https://pmc.ncbi.nlm.nih.gov/articles/PMC7009359/,EFSA (2019)
E469,Enzymatically hydrolysed carboxymethylcellulose,Enzymatisk hydrolyseret carboxymethylcellulose,Stabilisator og emulgator.,Ingen dokumenteret EU-specifik advarsel; vurderes sikkert inden for fastsat ADI.,Indgik i EFSA's samlede genvurdering af celluloser (E460-469) i 2019 uden nye sikkerhedsbekymringer.,https://pmc.ncbi.nlm.nih.gov/articles/PMC7009359/,EFSA (2019)
E470a,Sodium potassium and calcium salts of fatty acids,"Natrium-, kalium- og calciumsalte af fedtsyrer",Emulgeringsmiddel/stabilisator,Ingen dokumenteret EU-specifik advarsel; vurderes sikkert inden for fastsat ADI.,Ingen særskilt forskningsomtale fundet.,https://www.food.gov.uk/business-guidance/approved-additives-and-e-numbers,"UK Food Standards Agency (baseret på EU-forordning 1333/2008), 2024"
E470b,Magnesium salts of fatty acids,Magnesiumsalte af fedtsyrer,Emulgeringsmiddel/stabilisator,Ingen dokumenteret EU-specifik advarsel; vurderes sikkert inden for fastsat ADI.,Ingen særskilt forskningsomtale fundet.,https://dk.openfoodfacts.org/additive/da:e470b-magnesiumsalte-af-fedtsyrer,Open Food Facts / EU-forordning 1333/2008
E471,Mono- and diglycerides of fatty acids,Mono- og diglycerider af fedtsyrer,Emulgeringsmiddel,Ingen dokumenteret EU-specifik advarsel; vurderes sikkert inden for fastsat ADI.,"EFSA genvurderede E471 i 2017 og igen i 2021 (spædbørn under 16 uger) uden at rejse generel sikkerhedsbekymring. Uafhængig forskning (bl.a. in vitro-studier omkring 2020) har undersøgt emulgatorers, herunder glycerol-baserede, effekt på tarmens mikrobiota, men dette er ikke en officiel EFSA-konklusion for E471.",https://efsa.onlinelibrary.wiley.com/doi/10.2903/j.efsa.2021.6885,"EFSA Journal, 2021"
E472a,Acetic acid esters of mono- and diglycerides of fatty acids,Eddikesyreestere af mono- og diglycerider af fedtsyrer,Emulgeringsmiddel,Ingen dokumenteret EU-specifik advarsel; vurderes sikkert inden for fastsat ADI.,Ingen særskilt forskningsomtale fundet.,https://www.food.gov.uk/business-guidance/approved-additives-and-e-numbers,UK FSA / EU-forordning 1333/2008
E472b,Lactic acid esters of mono- and diglycerides of fatty acids,Mælkesyreestere af mono- og diglycerider af fedtsyrer,Emulgeringsmiddel,Ingen dokumenteret EU-specifik advarsel; vurderes sikkert inden for fastsat ADI.,Ingen særskilt forskningsomtale fundet.,https://www.food.gov.uk/business-guidance/approved-additives-and-e-numbers,UK FSA / EU-forordning 1333/2008
E472c,Citric acid esters of mono- and diglycerides of fatty acids,Citronsyreestere af mono- og diglycerider af fedtsyrer,Emulgeringsmiddel,Ingen dokumenteret EU-specifik advarsel; vurderes sikkert inden for fastsat ADI.,Ingen særskilt forskningsomtale fundet.,https://www.food.gov.uk/business-guidance/approved-additives-and-e-numbers,UK FSA / EU-forordning 1333/2008
E472d,Tartaric acid esters of mono- and diglycerides of fatty acids,Vinsyreestere af mono- og diglycerider af fedtsyrer,Emulgeringsmiddel,Ingen dokumenteret EU-specifik advarsel; vurderes sikkert inden for fastsat ADI.,Ingen særskilt forskningsomtale fundet.,https://www.food.gov.uk/business-guidance/approved-additives-and-e-numbers,UK FSA / EU-forordning 1333/2008
E472e,Mono- and diacetyltartaric acid esters of mono- and diglycerides of fatty acids,"DATEM, Diacetylvinsyreestere af mono- og diglycerider af fedtsyrer",Emulgeringsmiddel (typisk i brød og bagværk),Ingen dokumenteret EU-specifik advarsel; vurderes sikkert inden for fastsat ADI.,Ingen særskilt forskningsomtale fundet.,https://en.wikipedia.org/wiki/DATEM,EU-forordning 1333/2008
E472f,Mixed acetic and tartaric acid esters of mono- and diglycerides of fatty acids,Blandede eddike- og vinsyreestere af mono- og diglycerider af fedtsyrer,Emulgeringsmiddel,Ingen dokumenteret EU-specifik advarsel; vurderes sikkert inden for fastsat ADI.,Ingen særskilt forskningsomtale fundet.,https://www.food.gov.uk/business-guidance/approved-additives-and-e-numbers,UK FSA / EU-forordning 1333/2008
E473,Sucrose esters of fatty acids,Sukkerestere af fedtsyrer,Emulgeringsmiddel,Ingen dokumenteret EU-specifik advarsel; vurderes sikkert inden for fastsat ADI (gruppe-ADI 40 mg/kg legemsvægt/dag sammen med E474).,"EFSA-vurderinger (2010, 2012, 2018, 2023) har flere gange peget på, at eksponeringen for visse befolkningsgrupper kan overstige ADI ved høje indtag, hvilket førte til gentagne genvurderinger og opfølgning for spædbørn under 16 uger.",https://efsa.onlinelibrary.wiley.com/doi/10.2903/j.efsa.2023.7961,"EFSA Journal, 2023"
E474,Sucroglycerides,Sukroglycerider,Emulgeringsmiddel,Ingen dokumenteret EU-specifik advarsel; vurderes sikkert inden for fastsat ADI (gruppe-ADI 40 mg/kg legemsvægt/dag sammen med E473).,Ingen særskilt forskningsomtale fundet ud over gruppevurderingen med E473.,https://www.efsa.europa.eu/en/efsajournal/pub/5087,"EFSA Journal, 2018"
E475,Polyglycerol esters of fatty acids,Polyglycerolestere af fedtsyrer,Emulgeringsmiddel,Ingen dokumenteret EU-specifik advarsel; vurderes sikkert inden for fastsat ADI (EFSA fandt i 2017 ikke behov for en numerisk ADI).,"EFSA konkluderede i 2017, at stoffet hurtigt og næsten fuldstændigt hydrolyseres i mave-tarmkanalen, og at der ikke er set skadevirkninger i kortvarige eller kroniske toksicitetsstudier. En opfølgning i 2022 skærpede grænseværdier for tungmetaller (arsen, bly, kviksølv, cadmium) i specifikationen.",https://www.efsa.europa.eu/en/efsajournal/pub/5089,"EFSA Journal, 2017"
E476,Polyglycerol polyricinoleate,Polyglycerolpolyricinoleat (PGPR),"Emulgeringsmiddel (bl.a. i chokolade, reducerer kakaosmørindhold)",Ingen dokumenteret EU-specifik advarsel; vurderes sikkert inden for fastsat ADI.,EFSA genvurderede E476 i 2017 og fulgte op igen for at afklare resterende datahuller om sammensætning og specifikationer.,https://www.ncbi.nlm.nih.gov/pmc/articles/PMC9066526/,"EFSA Journal, 2022 (opfølgning)"
E477,"Propane-1,2-diol esters of fatty acids",Propylenglycolestere af fedtsyrer,Emulgeringsmiddel,Ingen dokumenteret EU-specifik advarsel; vurderes sikkert inden for fastsat ADI.,Ingen særskilt forskningsomtale fundet.,https://www.food.gov.uk/business-guidance/approved-additives-and-e-numbers,UK FSA / EU-forordning 1333/2008
E479b,Thermally oxidised soya bean oil interacted with mono- and di-glycerides of fatty acids,Termisk oxideret sojabønneolie i vekselvirkning med mono- og diglycerider af fedtsyrer,Emulgeringsmiddel (kun godkendt til stegning/frituremargarine),"Ingen dokumenteret EU-specifik advarsel; vurderes sikkert inden for fastsat ADI, men anvendelsen er snævert afgrænset til specifikke fedtprodukter.",Ingen særskilt forskningsomtale fundet.,https://www.food.gov.uk/business-guidance/approved-additives-and-e-numbers,UK FSA / EU-forordning 1333/2008
E481,Sodium stearoyl-2-lactylate,Natriumstearoyl-2-lactylat,Emulgeringsmiddel/dejforbedrer,Ingen dokumenteret EU-specifik advarsel; ADI blev i 2013 hævet af EFSA til 22 mg/kg legemsvægt/dag (fælles for E481 og E482).,EFSA genvurderede E481 og E482 i 2013 og hævede ADI'en efter gennemgang af nyere toksikologiske data.,https://www.efsa.europa.eu/en/efsajournal/pub/3144,"EFSA Journal, 2013"
E482,Calcium stearoyl-2-lactylate,Calciumstearoyl-2-lactylat,Emulgeringsmiddel/dejforbedrer,Ingen dokumenteret EU-specifik advarsel; ADI blev i 2013 hævet af EFSA til 22 mg/kg legemsvægt/dag (fælles for E481 og E482).,EFSA genvurderede E481 og E482 i 2013 og hævede ADI'en efter gennemgang af nyere toksikologiske data.,https://www.efsa.europa.eu/en/efsajournal/pub/3144,"EFSA Journal, 2013"
E491,Sorbitan monostearate,Sorbitanmonostearat,Emulgeringsmiddel,"Ingen dokumenteret EU-specifik advarsel; vurderes sikkert inden for gruppe-ADI på 10 mg/kg legemsvægt/dag (E491-495 samlet, udtrykt som sorbitol).",EFSA's gruppegenvurdering i 2017 af E491-E495 fandt ingen bekymring for gentoksicitet og fastsatte en fælles gruppe-ADI.,https://www.ncbi.nlm.nih.gov/pmc/articles/PMC7010202/,"EFSA Journal, 2017"
E492,Sorbitan tristearate,Sorbitantristearat,Emulgeringsmiddel,Ingen dokumenteret EU-specifik advarsel; vurderes sikkert inden for gruppe-ADI på 10 mg/kg legemsvægt/dag (E491-495 samlet).,Del af EFSA's fælles gruppegenvurdering af sorbitanestrene E491-E495 i 2017.,https://www.ncbi.nlm.nih.gov/pmc/articles/PMC7010202/,"EFSA Journal, 2017"
E493,Sorbitan monolaurate,Sorbitanmonolaurat,Emulgeringsmiddel,Ingen dokumenteret EU-specifik advarsel; vurderes sikkert inden for gruppe-ADI på 10 mg/kg legemsvægt/dag (E491-495 samlet).,Del af EFSA's fælles gruppegenvurdering af sorbitanestrene E491-E495 i 2017.,https://www.ncbi.nlm.nih.gov/pmc/articles/PMC7010202/,"EFSA Journal, 2017"
E494,Sorbitan monooleate,Sorbitanmonooleat,Emulgeringsmiddel,Ingen dokumenteret EU-specifik advarsel; vurderes sikkert inden for gruppe-ADI på 10 mg/kg legemsvægt/dag (E491-495 samlet).,Del af EFSA's fælles gruppegenvurdering af sorbitanestrene E491-E495 i 2017.,https://www.ncbi.nlm.nih.gov/pmc/articles/PMC7010202/,"EFSA Journal, 2017"
E495,Sorbitan monopalmitate,Sorbitanmonopalmitat,Emulgeringsmiddel,Ingen dokumenteret EU-specifik advarsel; vurderes sikkert inden for gruppe-ADI på 10 mg/kg legemsvægt/dag (E491-495 samlet).,Del af EFSA's fælles gruppegenvurdering af sorbitanestrene E491-E495 i 2017.,https://www.ncbi.nlm.nih.gov/pmc/articles/PMC7010202/,"EFSA Journal, 2017"
E499,Stigmasterol-rich plant sterols,Stigmasterolrige plantesteroler,"Stabilisator (kun godkendt til ready-to-freeze alkoholiske cocktails, maks. 0,08 g/l)",Ingen dokumenteret EU-specifik advarsel; snævert godkendt anvendelsesområde.,Ingen særskilt forskningsomtale fundet.,https://www.legislation.gov.uk/eur/2013/739/contents/data.html,EU-forordning 739/2013
E500,"Sodium carbonate, sodium bicarbonate, sodium sesquicarbonate","Natriumcarbonat, natron, tvekulsurt natron",Surhedsregulerende middel og hævemiddel,Ingen dokumenteret EU-specifik advarsel; vurderes sikkert inden for fastsat ADI (ikke specificeret).,Bruges bl.a. i bagepulver og som pH-regulator i mange fødevarer. EFSA har ikke fundet grund til bekymring ved normalt forbrug.,https://www.efsa.europa.eu/en/topics/topic/food-additives,EFSA / EU-Kommissionen (Forordning 1333/2008)
E501,"Potassium carbonate, potassium bicarbonate","Kaliumcarbonat, tvekulsurt kalium",Surhedsregulerende middel,Ingen dokumenteret EU-specifik advarsel; vurderes sikkert inden for fastsat ADI (ikke specificeret).,Bruges bl.a. i kakaoprodukter og bagværk til at regulere surhedsgrad.,https://www.efsa.europa.eu/en/topics/topic/food-additives,EFSA / EU-Kommissionen (Forordning 1333/2008)
E503,"Ammonium carbonate, ammonium bicarbonate","Ammoniumcarbonat, hjortetaksalt",Hævemiddel og surhedsregulerende middel,Ingen dokumenteret EU-specifik advarsel; vurderes sikkert inden for fastsat ADI (ikke specificeret).,Traditionelt hævemiddel (hjortetaksalt) i tørt bagværk som klejner og honningkager.,https://www.efsa.europa.eu/en/topics/topic/food-additives,EFSA / EU-Kommissionen (Forordning 1333/2008)
E504,"Magnesium carbonate, magnesium hydroxide carbonate",Magnesiumcarbonat,Surhedsregulerende middel og klumpeforebyggende middel,Ingen dokumenteret EU-specifik advarsel; vurderes sikkert inden for fastsat ADI (ikke specificeret).,Bruges som antiklumpningsmiddel og pH-regulator i bl.a. krydderier.,https://www.efsa.europa.eu/en/topics/topic/food-additives,EFSA / EU-Kommissionen (Forordning 1333/2008)
E507,Hydrochloric acid,Saltsyre,Surhedsregulerende middel,Ingen dokumenteret EU-specifik advarsel; vurderes sikkert inden for fastsat ADI (ikke specificeret).,Anvendes i meget begrænset omfang til pH-justering under fødevareforarbejdning.,https://www.efsa.europa.eu/en/topics/topic/food-additives,EFSA / EU-Kommissionen (Forordning 1333/2008)
E508,Potassium chloride,Kaliumklorid,"Geleringsmiddel, smagsforstærker og saltsubstitut",Ingen dokumenteret EU-specifik advarsel; vurderes sikkert inden for fastsat ADI (ikke specificeret). Personer med nedsat nyrefunktion bør generelt være opmærksomme på højt kaliumindtag.,Bruges ofte som delvis erstatning for almindeligt salt (natriumklorid).,https://www.efsa.europa.eu/en/topics/topic/food-additives,EFSA / EU-Kommissionen (Forordning 1333/2008)
E509,Calcium chloride,Calciumklorid,Fastholdelsesmiddel og geleringsmiddel,Ingen dokumenteret EU-specifik advarsel; vurderes sikkert inden for fastsat ADI (ikke specificeret).,Bruges bl.a. til at holde grøntsager og frugt faste ved konservering.,https://www.efsa.europa.eu/en/topics/topic/food-additives,EFSA / EU-Kommissionen (Forordning 1333/2008)
E511,Magnesium chloride,Magnesiumklorid,Fastholdelsesmiddel (bl.a. i tofu),Ingen dokumenteret EU-specifik advarsel; vurderes sikkert inden for fastsat ADI (ikke specificeret).,Traditionelt koaguleringsmiddel (nigari) ved fremstilling af tofu.,https://www.efsa.europa.eu/en/topics/topic/food-additives,EFSA / EU-Kommissionen (Forordning 1333/2008)
E512,Stannous chloride (tin(II) chloride),Tinklorid,Antioxidant og farvestabilisator,"EFSA har genvurderet tinforbindelser; anvendelse er begrænset til hvid asparges og lignende konserves for at bevare farven. Højt indtag af tin generelt kan give mavegener, men niveauerne i tilladte anvendelser vurderes sikre.",Anvendes næsten udelukkende til at bevare den hvide farve i dåseasparges og lignende konserves.,https://www.efsa.europa.eu/en/efsajournal/pub/1420,EFSA / EU-Kommissionen (Forordning 1333/2008)
E513,Sulphuric acid,Svovlsyre,Surhedsregulerende middel,Ingen dokumenteret EU-specifik advarsel; vurderes sikkert inden for fastsat ADI (ikke specificeret).,Anvendes i meget begrænset omfang til pH-justering under forarbejdning.,https://www.efsa.europa.eu/en/topics/topic/food-additives,EFSA / EU-Kommissionen (Forordning 1333/2008)
E514,"Sodium sulphate, sodium hydrogen sulphate","Natriumsulfat, natriumbisulfat",Surhedsregulerende middel og bæreemne,Ingen dokumenteret EU-specifik advarsel; vurderes sikkert inden for fastsat ADI (ikke specificeret).,Bruges bl.a. som bæremiddel for farvestoffer.,https://www.efsa.europa.eu/en/topics/topic/food-additives,EFSA / EU-Kommissionen (Forordning 1333/2008)
E515,"Potassium sulphate, potassium hydrogen sulphate",Kaliumsulfat,Surhedsregulerende middel,Ingen dokumenteret EU-specifik advarsel; vurderes sikkert inden for fastsat ADI (ikke specificeret).,Bruges i mindre grad som pH-regulator.,https://www.efsa.europa.eu/en/topics/topic/food-additives,EFSA / EU-Kommissionen (Forordning 1333/2008)
E516,Calcium sulphate,"Calciumsulfat, gips",Fastholdelsesmiddel og geleringsmiddel,Ingen dokumenteret EU-specifik advarsel; vurderes sikkert inden for fastsat ADI (ikke specificeret).,Bruges bl.a. som geleringsmiddel til tofu og som bæremiddel i mel.,https://www.efsa.europa.eu/en/topics/topic/food-additives,EFSA / EU-Kommissionen (Forordning 1333/2008)
E517,Ammonium sulphate,Ammoniumsulfat,Hjælpestof til gæring (dej),Ingen dokumenteret EU-specifik advarsel; vurderes sikkert inden for fastsat ADI (ikke specificeret).,Bruges som næring for gær i dej.,https://www.efsa.europa.eu/en/topics/topic/food-additives,EFSA / EU-Kommissionen (Forordning 1333/2008)
E520,Aluminium sulphate,Aluminiumsulfat,Fastholdelsesmiddel,"EFSA's genvurdering (2018) af aluminiumsulfater (E520-523) og natriumaluminiumphosphat (E541) konkluderede, at de nuværende godkendte anvendelser og mængder ikke giver sikkerhedsmæssige bekymringer, da eksponeringen er meget lav. Aluminium generelt er dog underlagt en samlet tolerabel ugentlig indtagelse (TWI) pga. mulige effekter på nervesystem og forplantning ved højt, kronisk indtag fra alle kilder.","Kun godkendt til meget få specifikke fødevarer (bl.a. syltede grøntsager), hvor den reelle eksponering vurderes tæt på nul.",https://www.efsa.europa.eu/en/efsajournal/pub/5372,EFSA (2018) / EU-Kommissionen (Forordning 1333/2008)
E521,Aluminium sodium sulphate,Aluminiumnatriumsulfat,Fastholdelsesmiddel,"Omfattet af samme EFSA-genvurdering som E520-523/E541 (2018); ingen sikkerhedsbekymring ved godkendte, meget begrænsede anvendelser. Aluminium er underlagt en samlet tolerabel ugentlig indtagelse fra alle kilder.",Meget begrænset anvendelse i EU; bidrager minimalt til det samlede aluminiumindtag.,https://www.efsa.europa.eu/en/efsajournal/pub/5372,EFSA (2018) / EU-Kommissionen (Forordning 1333/2008)
E522,Aluminium potassium sulphate,"Aluminiumkaliumsulfat, alun",Fastholdelsesmiddel og surhedsregulerende middel,"Omfattet af samme EFSA-genvurdering som E520-523/E541 (2018); ingen sikkerhedsbekymring ved godkendte, meget begrænsede anvendelser. Aluminium er underlagt en samlet tolerabel ugentlig indtagelse fra alle kilder.",Traditionelt kendt som alun; bruges i meget begrænset omfang.,https://www.efsa.europa.eu/en/efsajournal/pub/5372,EFSA (2018) / EU-Kommissionen (Forordning 1333/2008)
E523,Aluminium ammonium sulphate,Aluminiumammoniumsulfat,Fastholdelsesmiddel,"Omfattet af samme EFSA-genvurdering som E520-523/E541 (2018); ingen sikkerhedsbekymring ved godkendte, meget begrænsede anvendelser. Aluminium er underlagt en samlet tolerabel ugentlig indtagelse fra alle kilder.",Meget begrænset anvendelse i EU.,https://www.efsa.europa.eu/en/efsajournal/pub/5372,EFSA (2018) / EU-Kommissionen (Forordning 1333/2008)
E524,Sodium hydroxide,Natriumhydroxid (kaustisk soda),Surhedsregulerende middel,Ingen dokumenteret EU-specifik advarsel ved godkendt anvendelse; vurderes sikkert inden for fastsat ADI (ikke specificeret).,Anvendes bl.a. til overfladebehandling af breze/lud-bagværk og til pH-justering.,https://www.efsa.europa.eu/en/topics/topic/food-additives,EFSA / EU-Kommissionen (Forordning 1333/2008)
E525,Potassium hydroxide,Kaliumhydroxid,Surhedsregulerende middel,Ingen dokumenteret EU-specifik advarsel ved godkendt anvendelse; vurderes sikkert inden for fastsat ADI (ikke specificeret).,Bruges til pH-justering i mindre omfang.,https://www.efsa.europa.eu/en/topics/topic/food-additives,EFSA / EU-Kommissionen (Forordning 1333/2008)
E526,Calcium hydroxide,"Calciumhydroxid, brændt kalk (læsket)",Surhedsregulerende middel og fastholdelsesmiddel,Ingen dokumenteret EU-specifik advarsel ved godkendt anvendelse; vurderes sikkert inden for fastsat ADI (ikke specificeret).,Traditionelt brugt til bl.a. nixtamalisering af majs.,https://www.efsa.europa.eu/en/topics/topic/food-additives,EFSA / EU-Kommissionen (Forordning 1333/2008)
E527,Ammonium hydroxide,Ammoniumhydroxid,Surhedsregulerende middel,Ingen dokumenteret EU-specifik advarsel ved godkendt anvendelse; vurderes sikkert inden for fastsat ADI (ikke specificeret).,Anvendes i meget begrænset omfang til pH-justering.,https://www.efsa.europa.eu/en/topics/topic/food-additives,EFSA / EU-Kommissionen (Forordning 1333/2008)
E528,Magnesium hydroxide,Magnesiumhydroxid,Surhedsregulerende middel,Ingen dokumenteret EU-specifik advarsel ved godkendt anvendelse; vurderes sikkert inden for fastsat ADI (ikke specificeret).,Anvendes i mindre grad til pH-justering.,https://www.efsa.europa.eu/en/topics/topic/food-additives,EFSA / EU-Kommissionen (Forordning 1333/2008)
E529,Calcium oxide,"Calciumoxid, brændt kalk",Surhedsregulerende middel,Ingen dokumenteret EU-specifik advarsel ved godkendt anvendelse; vurderes sikkert inden for fastsat ADI (ikke specificeret).,Anvendes i mindre grad i bl.a. mel og krydderier.,https://www.efsa.europa.eu/en/topics/topic/food-additives,EFSA / EU-Kommissionen (Forordning 1333/2008)
E530,Magnesium oxide,Magnesiumoxid,Klumpeforebyggende middel,Ingen dokumenteret EU-specifik advarsel ved godkendt anvendelse; vurderes sikkert inden for fastsat ADI (ikke specificeret).,Bruges bl.a. som antiklumpningsmiddel i tabletform kosttilskud.,https://www.efsa.europa.eu/en/topics/topic/food-additives,EFSA / EU-Kommissionen (Forordning 1333/2008)
E535,Sodium ferrocyanide,Natriumferrocyanid,Klumpeforebyggende middel (saltsubstitut),"EFSA's genvurdering (2018) fastsatte en gruppe-ADI på 0,03 mg/kg kropsvægt/dag (som ferrocyanid-ion) for E535-538. Nyren blev identificeret som målorgan ved høje doser i dyrestudier, men ved de godkendte, meget lave anvendelsesniveauer (kun som klumpeforebyggende middel i salt) vurderes der ikke at være sikkerhedsmæssig bekymring.",Kun godkendt i to fødevarekategorier som saltsubstitut/antiklumpningsmiddel i bordsalt.,https://www.efsa.europa.eu/en/efsajournal/pub/5374,EFSA (2018) / EU-Kommissionen (Forordning 1333/2008)
E536,Potassium ferrocyanide,Kaliumferrocyanid,Klumpeforebyggende middel (saltsubstitut),"Omfattet af samme EFSA-genvurdering (2018) og gruppe-ADI på 0,03 mg/kg kropsvægt/dag som E535/E538; ingen bekymring ved godkendt, lav anvendelse.",Kun godkendt i to fødevarekategorier som saltsubstitut/antiklumpningsmiddel i bordsalt.,https://www.efsa.europa.eu/en/efsajournal/pub/5374,EFSA (2018) / EU-Kommissionen (Forordning 1333/2008)
E538,Calcium ferrocyanide,Calciumferrocyanid,Klumpeforebyggende middel (saltsubstitut),"Omfattet af samme EFSA-genvurdering (2018) og gruppe-ADI på 0,03 mg/kg kropsvægt/dag som E535/E536; ingen bekymring ved godkendt, lav anvendelse.",Kun godkendt i to fødevarekategorier som saltsubstitut/antiklumpningsmiddel i bordsalt.,https://www.efsa.europa.eu/en/efsajournal/pub/5374,EFSA (2018) / EU-Kommissionen (Forordning 1333/2008)
E541,"Sodium aluminium phosphate, acidic",Surt natriumaluminiumphosphat,Hævemiddel og surhedsregulerende middel,"Omfattet af samme EFSA-genvurdering som E520-523 (2018); ingen sikkerhedsbekymring ved godkendte, meget begrænsede anvendelser. Aluminium er underlagt en samlet tolerabel ugentlig indtagelse fra alle kilder.",Bruges i meget begrænset omfang i visse bagværksprodukter i EU.,https://www.efsa.europa.eu/en/efsajournal/pub/5372,EFSA (2018) / EU-Kommissionen (Forordning 1333/2008)
E551,Silicon dioxide,"Siliciumdioxid, silica",Klumpeforebyggende middel,"EFSA's genvurdering (2018, opdateret 2024) fandt ingen tegn på toksicitet eller genotoksicitet ved de godkendte anvendelser, men bemærkede at partiklerne delvis ligger i nanostørrelse, og at der mangler langtidsstudier med nanoformen samt tilstrækkelig karakterisering af partikelstørrelsesfordelingen. EFSA kunne derfor ikke give en fuldstændig 'frikendelse'.",Bruges bredt som antiklumpningsmiddel i pulverprodukter som krydderier og suppepulver.,https://www.efsa.europa.eu/en/efsajournal/pub/5088,EFSA (2018/2024)
E552,Calcium silicate,Calciumsilikat,Klumpeforebyggende middel,Ingen dokumenteret EU-specifik advarsel; vurderes sikkert inden for fastsat ADI (ikke specificeret).,Bruges som antiklumpningsmiddel i bl.a. salt og krydderier.,https://www.efsa.europa.eu/en/topics/topic/food-additives,EFSA / EU-Kommissionen (Forordning 1333/2008)
E553a,"Magnesium silicate, magnesium trisilicate","Magnesiumsilikat, magnesiumtrisilikat",Klumpeforebyggende middel,Ingen dokumenteret EU-specifik advarsel; vurderes sikkert inden for fastsat ADI (ikke specificeret).,"Bruges som antiklumpningsmiddel, bl.a. i tyggegummi og krydderier.",https://www.efsa.europa.eu/en/topics/topic/food-additives,EFSA / EU-Kommissionen (Forordning 1333/2008)
E553b,Talc,Talkum,Klumpeforebyggende middel og overfladebehandlingsmiddel,Ingen dokumenteret EU-specifik advarsel ved anvendelse som fødevaretilsætning; vurderes sikkert inden for fastsat ADI (ikke specificeret).,Bruges bl.a. til overfladebehandling af ris og som skilleagent for tyggegummi.,https://www.efsa.europa.eu/en/topics/topic/food-additives,EFSA / EU-Kommissionen (Forordning 1333/2008)
E554,Sodium aluminium silicate,Natriumaluminiumsilikat,Klumpeforebyggende middel,"EFSA's genvurdering af E554/E555 konkluderede ingen sikkerhedsbekymring ved de godkendte, begrænsede anvendelser; aluminiumbidraget vurderes minimalt sammenlignet med den samlede tolerable ugentlige indtagelse.","Bruges som antiklumpningsmiddel, bl.a. i bordsalt.",https://www.ncbi.nlm.nih.gov/pmc/articles/PMC7448050/,EFSA / EU-Kommissionen (Forordning 1333/2008)
E555,Potassium aluminium silicate,Kaliumaluminiumsilikat,Klumpeforebyggende middel,"EFSA's genvurdering (E554/E555) konkluderede ingen sikkerhedsbekymring ved de godkendte, begrænsede anvendelser (kun tilladt til farvestof-tilberedning); aluminiumbidraget vurderes minimalt.",Anvendelsen er i EU begrænset til at fremstille farvestofpræparater.,https://www.ncbi.nlm.nih.gov/pmc/articles/PMC7448050/,EFSA / EU-Kommissionen (Forordning 1333/2008)
E556,Calcium aluminium silicate,Calciumaluminiumsilikat,Klumpeforebyggende middel (tidligere godkendt),"IKKE længere godkendt i EU. Godkendelsen blev fjernet ved Forordning (EU) nr. 380/2012 med virkning fra 31. januar 2014, som led i en generel stramning af aluminiumholdige tilsætningsstoffer.",Fjernet fra EU's positivliste; må ikke længere anvendes i fødevarer i EU.,https://eur-lex.europa.eu/legal-content/EN/TXT/PDF/?uri=CELEX:02008R1333-20231005,EU-Kommissionen (Forordning (EU) nr. 380/2012)
E558,Bentonite,Bentonit,Klumpeforebyggende middel (tidligere godkendt),IKKE længere godkendt som fødevaretilsætning i EU. Godkendelsen blev fjernet ved Forordning (EU) nr. 380/2012 med virkning fra 31. maj 2013.,Fjernet fra EU's positivliste for tilsætningsstoffer; anvendes fortsat til visse tekniske formål (fx klaring af vin) under andre regler.,https://eur-lex.europa.eu/legal-content/EN/TXT/PDF/?uri=CELEX:02008R1333-20231005,EU-Kommissionen (Forordning (EU) nr. 380/2012)
E559,Aluminium silicate (Kaolin),Kaolin,Klumpeforebyggende middel (tidligere godkendt),"IKKE længere godkendt som fødevaretilsætning i EU. Den midlertidige godkendelse udløb 31. januar 2014 og blev ikke fornyet, bl.a. som led i strammede krav til aluminiumholdige tilsætningsstoffer.",Fjernet fra EU's positivliste; må ikke længere anvendes i fødevarer i EU.,https://eur-lex.europa.eu/legal-content/EN/TXT/PDF/?uri=CELEX:02008R1333-20231005,EU-Kommissionen (Forordning (EU) nr. 380/2012)
E570,Fatty acids,Fedtsyrer,"Skilleagent, overfladebehandlingsmiddel og skumdæmpningsmiddel","Ingen dokumenteret EU-specifik advarsel; naturligt forekommende fedtsyrer, vurderes sikre inden for fastsat ADI (ikke specificeret).",Bruges bl.a. som skilleagent i tyggegummi og overfladebehandling af frugt.,https://www.efsa.europa.eu/en/topics/topic/food-additives,EFSA / EU-Kommissionen (Forordning 1333/2008)
E574,Gluconic acid,Gluconsyre,Surhedsregulerende middel,"Ingen dokumenteret EU-specifik advarsel; naturligt forekommende syre, vurderes sikker inden for fastsat ADI (ikke specificeret).",Dannes naturligt ved gæring af glukose og bruges bl.a. i bagepulver og drikkevarer.,https://www.efsa.europa.eu/en/topics/topic/food-additives,EFSA / EU-Kommissionen (Forordning 1333/2008)
E575,Glucono-delta-lactone,Glukonodeltalakton (GDL),Surhedsregulerende middel og geleringsmiddel,Ingen dokumenteret EU-specifik advarsel; vurderes sikker inden for fastsat ADI (ikke specificeret).,Bruges bl.a. til langsom syrning af kødprodukter og som koaguleringsmiddel til tofu.,https://www.efsa.europa.eu/en/topics/topic/food-additives,EFSA / EU-Kommissionen (Forordning 1333/2008)
E576,Sodium gluconate,Natriumgluconat,Fortykningsmiddel og stabilisator (chelateringsmiddel),Ingen dokumenteret EU-specifik advarsel; vurderes sikker inden for fastsat ADI (ikke specificeret).,Bruges bl.a. til at forbedre effekten af geleringsmidler.,https://www.efsa.europa.eu/en/topics/topic/food-additives,EFSA / EU-Kommissionen (Forordning 1333/2008)
E577,Potassium gluconate,Kaliumgluconat,Fortykningsmiddel og stabilisator,Ingen dokumenteret EU-specifik advarsel; vurderes sikker inden for fastsat ADI (ikke specificeret).,Bruges bl.a. til at forbedre effekten af geleringsmidler.,https://www.efsa.europa.eu/en/topics/topic/food-additives,EFSA / EU-Kommissionen (Forordning 1333/2008)
E578,Calcium gluconate,Calciumgluconat,Fastholdelsesmiddel og syrningsmiddel,Ingen dokumenteret EU-specifik advarsel; vurderes sikker inden for fastsat ADI (ikke specificeret).,Bruges bl.a. i særlige kosttilskudsprodukter til at tilføre calcium.,https://www.efsa.europa.eu/en/topics/topic/food-additives,EFSA / EU-Kommissionen (Forordning 1333/2008)
E579,Ferrous gluconate,Jerngluconat,Farvestabilisator,"Godkendelsen er specifikt begrænset til farvning af sorte oliven (op til 150 mg/kg), hvor den fastholder den mørke farve. Ingen dokumenteret bredere sikkerhedsbekymring ved denne snævre, godkendte anvendelse.",Bruges udelukkende til at give og fastholde den sorte farve i sorte spiseoliven.,https://www.efsa.europa.eu/en/topics/topic/food-additives,EFSA / EU-Kommissionen (Forordning 1333/2008)
E585,Ferrous lactate,Jernlaktat,Farvestabilisator,"Godkendelsen er specifikt begrænset til farvning af sorte oliven (op til 150 mg/kg), i lighed med E579. Ingen dokumenteret bredere sikkerhedsbekymring ved denne snævre, godkendte anvendelse.",Bruges udelukkende til at give og fastholde den sorte farve i sorte spiseoliven.,https://www.efsa.europa.eu/en/topics/topic/food-additives,EFSA / EU-Kommissionen (Forordning 1333/2008)
E620,Glutamic acid,Glutaminsyre,Smagsforstærker (umami),"EFSA fastsatte i 2017 en samlet gruppe-ADI på 30 mg/kg kropsvægt/dag for E620-E625. EFSA fandt at det modellerede indtag oversteg ADI for flere aldersgrupper ved høje forbrugsniveauer og anbefalede EU-Kommissionen at revidere de tilladte mængder. Den omdiskuterede ""Chinese restaurant syndrome""-effekt er ikke videnskabeligt bekræftet i kontrollerede studier.","EFSA's genvurdering fra 2017 fandt ingen genotoksicitet og ingen skadelige effekter i tilgængelige kort- og langtidsstudier, men pegede på et muligt for højt samlet indtag ved høj eksponering hos alle aldersgrupper.",https://efsa.onlinelibrary.wiley.com/doi/10.2903/j.efsa.2017.4910,EFSA (2017)
E621,Monosodium glutamate,"Mononatriumglutamat (MSG, natriumglutamat)",Smagsforstærker (umami),"Samme gruppe-ADI (30 mg/kg kropsvægt/dag) og samme EFSA-vurdering som E620. Den omdiskuterede ""Chinese restaurant syndrome""-effekt er ikke videnskabeligt bekræftet.","EFSA's genvurdering fra 2017 fandt intet grundlag for genotoksicitet, men anbefalede reviderede maksimalgrænser pga. højt modelleret indtag.",https://efsa.onlinelibrary.wiley.com/doi/10.2903/j.efsa.2017.4910,EFSA (2017)
E622,Monopotassium glutamate,"Monokaliumglutamat, kaliumglutamat",Smagsforstærker (umami),Del af samme gruppe-ADI (30 mg/kg kropsvægt/dag) som E620-E625.,Se EFSA's samlede genvurdering af glutamater (2017).,https://efsa.onlinelibrary.wiley.com/doi/10.2903/j.efsa.2017.4910,EFSA (2017)
E623,Calcium diglutamate,Calciumdiglutamat,Smagsforstærker (umami),Del af samme gruppe-ADI (30 mg/kg kropsvægt/dag) som E620-E625.,Se EFSA's samlede genvurdering af glutamater (2017).,https://efsa.onlinelibrary.wiley.com/doi/10.2903/j.efsa.2017.4910,EFSA (2017)
E624,Monoammonium glutamate,"Monoammoniumglutamat, ammoniumglutamat",Smagsforstærker (umami),Del af samme gruppe-ADI (30 mg/kg kropsvægt/dag) som E620-E625.,Se EFSA's samlede genvurdering af glutamater (2017).,https://efsa.onlinelibrary.wiley.com/doi/10.2903/j.efsa.2017.4910,EFSA (2017)
E625,Magnesium diglutamate,Magnesiumdiglutamat,Smagsforstærker (umami),Del af samme gruppe-ADI (30 mg/kg kropsvægt/dag) som E620-E625.,Se EFSA's samlede genvurdering af glutamater (2017).,https://efsa.onlinelibrary.wiley.com/doi/10.2903/j.efsa.2017.4910,EFSA (2017)
E626,Guanylic acid,Guanylsyre,"Smagsforstærker (umami), forstærker effekten af glutamater","Guanylsyre er et purinstof, der i kroppen omdannes til urinsyre. Personer med gigt (urinsyregigt) eller forhøjet urinsyre bør begrænse indtag af purinholdige tilsætningsstoffer. Guanylater må ikke anvendes i modermælkserstatning og tilskudsblandinger til spædbørn og småbørn.",EU tillader ikke guanylater i produkter til spædbørn under 12 uger; øvrig anvendelse vurderes sikker inden for fastsat ADI.,https://food.ec.europa.eu/food-safety/food-improvement-agents/additives/database_en,Europa-Kommissionens tilsætningsstofdatabase
E627,Disodium guanylate,Dinatriumguanylat,"Smagsforstærker (umami), forstærker effekten af glutamater",Purinholdigt stof; samme forbehold som E626 for personer med gigt/forhøjet urinsyre samt forbud i spædbørnsmad.,Vurderes sikkert inden for fastsat ADI; ikke tilladt til spædbørn under 12 uger.,https://food.ec.europa.eu/food-safety/food-improvement-agents/additives/database_en,Europa-Kommissionens tilsætningsstofdatabase
E628,Dipotassium guanylate,Dikaliumguanylat,"Smagsforstærker (umami), forstærker effekten af glutamater",Purinholdigt stof; samme forbehold som E626 for personer med gigt/forhøjet urinsyre samt forbud i spædbørnsmad.,Vurderes sikkert inden for fastsat ADI; ikke tilladt til spædbørn under 12 uger.,https://food.ec.europa.eu/food-safety/food-improvement-agents/additives/database_en,Europa-Kommissionens tilsætningsstofdatabase
E629,Calcium guanylate,Calciumguanylat,"Smagsforstærker (umami), forstærker effekten af glutamater",Purinholdigt stof; samme forbehold som E626 for personer med gigt/forhøjet urinsyre samt forbud i spædbørnsmad.,Vurderes sikkert inden for fastsat ADI; ikke tilladt til spædbørn under 12 uger.,https://food.ec.europa.eu/food-safety/food-improvement-agents/additives/database_en,Europa-Kommissionens tilsætningsstofdatabase
E630,Inosinic acid,Inosinsyre,"Smagsforstærker (umami), forstærker effekten af glutamater","Purinholdigt stof (mellemprodukt i purinstofskiftet). Personer med gigt, forhøjet urinsyre eller urinsyresten bør begrænse indtag af ekstra purinkilder.",Vurderes sikkert for raske voksne ved normalt kostindtag; ikke tilladt til spædbørn under 12 uger.,https://food.ec.europa.eu/food-safety/food-improvement-agents/additives/database_en,Europa-Kommissionens tilsætningsstofdatabase
E631,Disodium inosinate,Dinatriuminosinat,"Smagsforstærker (umami), forstærker effekten af glutamater",Purinholdigt stof; samme forbehold som E630 for personer med gigt/forhøjet urinsyre samt forbud i spædbørnsmad.,Vurderes sikkert inden for fastsat ADI; ikke tilladt til spædbørn under 12 uger.,https://food.ec.europa.eu/food-safety/food-improvement-agents/additives/database_en,Europa-Kommissionens tilsætningsstofdatabase
E632,Dipotassium inosinate,Dikaliuminosinat,"Smagsforstærker (umami), forstærker effekten af glutamater",Purinholdigt stof; samme forbehold som E630 for personer med gigt/forhøjet urinsyre samt forbud i spædbørnsmad.,Vurderes sikkert inden for fastsat ADI; ikke tilladt til spædbørn under 12 uger.,https://food.ec.europa.eu/food-safety/food-improvement-agents/additives/database_en,Europa-Kommissionens tilsætningsstofdatabase
E633,Calcium inosinate,Calciuminosinat,"Smagsforstærker (umami), forstærker effekten af glutamater",Purinholdigt stof; samme forbehold som E630 for personer med gigt/forhøjet urinsyre samt forbud i spædbørnsmad.,Vurderes sikkert inden for fastsat ADI; ikke tilladt til spædbørn under 12 uger.,https://food.ec.europa.eu/food-safety/food-improvement-agents/additives/database_en,Europa-Kommissionens tilsætningsstofdatabase
E634,Calcium 5'-ribonucleotides,Calcium-5'-ribonukleotider,"Smagsforstærker (umami), blanding af inosinat og guanylat",Purinholdig blanding; samme forbehold som E626/E630 for personer med gigt/forhøjet urinsyre samt forbud i spædbørnsmad.,Vurderes sikkert inden for fastsat ADI; ikke tilladt til spædbørn under 12 uger.,https://food.ec.europa.eu/food-safety/food-improvement-agents/additives/database_en,Europa-Kommissionens tilsætningsstofdatabase
E635,Disodium 5'-ribonucleotides,Dinatrium-5'-ribonukleotider,"Smagsforstærker (umami), blanding af dinatriuminosinat og dinatriumguanylat",Purinholdig blanding; samme forbehold som E626/E630 for personer med gigt/forhøjet urinsyre samt forbud i spædbørnsmad.,Vurderes sikkert inden for fastsat ADI; ikke tilladt til spædbørn under 12 uger. EFSA igangsatte i 2023 en genvurdering af E626-E635.,https://food.ec.europa.eu/food-safety/food-improvement-agents/additives/database_en,Europa-Kommissionens tilsætningsstofdatabase / EFSA (genvurdering igangsat 2023)
E636,Maltol,Maltol,"Smagsforstærker/aromaforstærker (sød, karamelagtig smag)","Ingen dokumenteret EU-specifik advarsel; vurderes sikkert inden for fastsat brug. Maltol reguleres i praksis primært som aromastof, men optræder også med E-nummer som smagsforstærker.",Vurderet af JECFA og EFSA uden påvist sikkerhedsproblem ved normal brug.,https://en.wikipedia.org/wiki/Maltol,JECFA/EFSA-baseret vurdering
E637,Ethyl maltol,Ethylmaltol,"Smagsforstærker/aromaforstærker (sød, karamelagtig smag, kraftigere end maltol)","Ingen dokumenteret EU-specifik advarsel; vurderes sikkert inden for fastsat brug. Ethylmaltol reguleres i praksis primært som aromastof, men optræder også med E-nummer som smagsforstærker.",Vurderet af JECFA og EFSA uden påvist sikkerhedsproblem ved normal brug.,https://en.wikipedia.org/wiki/Ethylmaltol,JECFA/EFSA-baseret vurdering
E640,Glycine and its sodium salt,Glycin og natriumglycinat,Smagsforstærker,"Ingen dokumenteret EU-specifik advarsel; glycin er en almindelig aminosyre, og stoffet vurderes sikkert inden for fastsat ADI.",Ingen særlige sikkerhedsbekymringer fundet i EU-vurderinger.,https://www.gov.uk/government/publications/approved-additives-and-e-numbers/approved-additives-and-e-numbers,UK Food Standards Agency (baseret på EU-forordning 1333/2008)
E641,L-leucine,L-leucin,Smagsforstærker,"Ingen dokumenteret EU-specifik advarsel; L-leucin er en essentiel aminosyre, og stoffet vurderes sikkert inden for fastsat ADI.",Ingen særlige sikkerhedsbekymringer fundet i EU-vurderinger.,https://www.gov.uk/government/publications/approved-additives-and-e-numbers/approved-additives-and-e-numbers,UK Food Standards Agency (baseret på EU-forordning 1333/2008)
E650,Zinc acetate,Zinkacetat,Smagsforstærker (kun godkendt til tyggegummi),"Ingen dokumenteret EU-specifik advarsel ved den tilladte brug. EU tillader kun E650 i tyggegummi, med en maksimal mængde på ca. 1 g/kg. Godkendt i EU siden 2002.",Ingen kendte skadevirkninger dokumenteret ved den godkendte anvendelse (tyggegummi).,https://www.gov.uk/government/publications/approved-additives-and-e-numbers/approved-additives-and-e-numbers,UK Food Standards Agency (baseret på EU-forordning 1333/2008)
E900,Dimethylpolysiloxane,Dimethylpolysiloxan,Skumdæmpningsmiddel,Ingen dokumenteret EU-specifik advarsel; vurderes sikkert inden for fastsat ADI.,,https://www.efsa.europa.eu/en/efsajournal/pub/6797,EFSA (2019)
E901,"Beeswax, white and yellow","Bivoks, hvid og gul",Overfladebehandlingsmiddel (glansmiddel),Ingen dokumenteret EU-specifik advarsel; naturligt produkt vurderet sikkert til brug som glansmiddel.,,https://www.efsa.europa.eu/en/efsajournal/pub/3386,EFSA (2013)
E902,Candelilla wax,Candelillavoks,Overfladebehandlingsmiddel (glansmiddel),Ingen dokumenteret EU-specifik advarsel; vurderes sikkert inden for fastsat ADI.,,https://food.ec.europa.eu/food-safety/food-improvement-agents/additives/database_en,Europa-Kommissionen (2011)
E903,Carnauba wax,Carnaubavoks,Overfladebehandlingsmiddel (glansmiddel),Ingen dokumenteret EU-specifik advarsel; naturlig palmevoks vurderet sikkert af EFSA.,,https://www.efsa.europa.eu/en/efsajournal/pub/4058,EFSA (2015)
E904,Shellac,Shellak,Overfladebehandlingsmiddel (glansmiddel),Ingen dokumenteret EU-specifik advarsel; kan i sjældne tilfælde give allergiske reaktioner. Ikke egnet til veganere (dyrisk oprindelse fra lakinsekt).,,https://www.efsa.europa.eu/en/efsajournal/pub/5901,EFSA (2020)
E905,Microcrystalline wax,Mikrokrystallinsk voks,Overfladebehandlingsmiddel (glansmiddel),Ingen dokumenteret EU-specifik advarsel; mineralsk voks vurderet sikkert inden for fastsat ADI.,,https://food.ec.europa.eu/food-safety/food-improvement-agents/additives/database_en,Europa-Kommissionen
E907,Hydrogenated poly-1-decene,Hydrogeneret poly-1-decen,Overfladebehandlingsmiddel (glansmiddel),Ingen dokumenteret EU-specifik advarsel; anvendes bl.a. i tyggegummi og vurderes sikkert inden for fastsat ADI.,,https://www.efsa.europa.eu/en/efsajournal/pub/4529,EFSA (2016)
E914,Oxidized polyethylene wax,Oxideret polyethylenvoks,Overfladebehandlingsmiddel (glansmiddel),Ingen dokumenteret EU-specifik advarsel; syntetisk voks godkendt til begrænset anvendelse (bl.a. friske citrusfrugter).,,https://www.efsa.europa.eu/en/efsajournal/pub/6332,EFSA (2020)
E920,L-cysteine,L-cystein,"Melbehandlingsmiddel, dejforbedrer",Ingen dokumenteret EU-specifik advarsel; fremstilles i EU typisk syntetisk eller ved fermentering (tidligere ofte fra dyrehår/fjer uden for EU). Vurderes sikkert inden for fastsat ADI.,,https://www.efsa.europa.eu/en/efsajournal/pub/6009,EFSA (2020)
E927b,Carbamide,Carbamid (urinstof),Melbehandlingsmiddel,Ingen dokumenteret EU-specifik advarsel; anvendes i meget begrænset omfang (tyggegummi) og vurderes sikkert inden for fastsat ADI.,,https://food.ec.europa.eu/food-safety/food-improvement-agents/additives/database_en,Europa-Kommissionen
E938,Argon,Argon,Emballagegas,Ingen dokumenteret sundhedsrisiko; inaktiv ædelgas anvendt til at fortrænge ilt og forlænge holdbarhed.,,https://www.efsa.europa.eu/en/efsajournal/pub/4088,EFSA (2015)
E939,Helium,Helium,Emballagegas,Ingen dokumenteret sundhedsrisiko; inaktiv gas anvendt som emballagegas.,,https://www.efsa.europa.eu/en/efsajournal/pub/4087,EFSA (2015)
E941,Nitrogen,"Nitrogen, kvælstof",Emballagegas/drivmiddel,Ingen dokumenteret sundhedsrisiko; udgør hovedparten af den luft vi indånder og anvendes til at fortrænge ilt i emballage.,,https://www.efsa.europa.eu/en/efsajournal/pub/4771,EFSA (2016)
E942,Nitrous oxide,"Dinitrogenoxid, lattergas",Drivmiddel (bl.a. flødeskumsdåser),Ingen dokumenteret EU-specifik advarsel ved godkendt fødevarebrug; misbrug af lattergas (inhalation til rusmiddelbrug) er et kendt sundhedsproblem uden for fødevareanvendelsen.,,https://www.efsa.europa.eu/en/efsajournal/pub/6067,EFSA (2020)
E943a,Butane,Butan,Drivmiddel,Ingen dokumenteret EU-specifik advarsel; anvendes i meget små mængder som drivmiddel i spraydåser til fødevarer.,,https://www.efsa.europa.eu/en/efsajournal/pub/4772,EFSA (2016)
E943b,Isobutane,Isobutan,Drivmiddel,Ingen dokumenteret EU-specifik advarsel; anvendes i meget små mængder som drivmiddel i spraydåser til fødevarer.,,https://www.efsa.europa.eu/en/efsajournal/pub/4772,EFSA (2016)
E944,Propane,Propan,Drivmiddel,Ingen dokumenteret EU-specifik advarsel; anvendes i meget små mængder som drivmiddel i spraydåser til fødevarer.,,https://www.efsa.europa.eu/en/efsajournal/pub/4772,EFSA (2016)
E948,Oxygen,"Oxygen, ilt",Emballagegas,Ingen dokumenteret sundhedsrisiko; anvendes bl.a. til at bevare farven i pakket kød.,,https://www.efsa.europa.eu/en/efsajournal/pub/4029,EFSA (2015)
E949,Hydrogen,"Hydrogen, brint",Emballagegas,Ingen dokumenteret sundhedsrisiko; inaktiv gas i fødevareemballage.,,https://food.ec.europa.eu/food-safety/food-improvement-agents/additives/database_en,Europa-Kommissionen
E950,Acesulfame K,"Acesulfamkalium, acesulfam-K",Kunstigt sødemiddel,"Ingen dokumenteret kræftrisiko hos mennesker; EFSA har bekræftet ADI på 9 mg/kg kropsvægt/dag efter fuld gennemgang. Nogle dyreforsøg med meget høje doser har givet anledning til debat, men er ikke understøttet i risikovurderingen.",EFSA gennemførte en fuld re-evaluering i 2016 og fandt ingen grund til at ændre den fastsatte ADI.,https://www.efsa.europa.eu/en/efsajournal/pub/4550,EFSA (2016)
E951,Aspartame,Aspartam,Kunstigt sødemiddel,"Skal mærkes med advarslen ""indeholder en kilde til phenylalanin"" pga. risiko for personer med den arvelige sygdom PKU (fenylketonuri). I 2023 klassificerede WHO's kræftforskningsinstitut IARC aspartam som ""muligvis kræftfremkaldende for mennesker"" (gruppe 2B) på grundlag af begrænset evidens, primært vedrørende leverkræft.","Samme år fastholdt WHO/FAO's ekspertkomité JECFA og EFSA den eksisterende ADI på 40 mg/kg kropsvægt/dag som sikker, da JECFA vurderede at den tilgængelige evidens for kræftrisiko hos mennesker ikke var tilstrækkelig til at ændre grænseværdien. De to vurderinger (fareidentifikation vs. risikovurdering ved normalt forbrug) modsiger derfor ikke nødvendigvis hinanden.",https://www.who.int/news/item/14-07-2023-aspartame-hazard-and-risk-assessment-results-released,WHO/IARC/JECFA (2023)
E952,Cyclamic acid and its Na and Ca salts,"Cyclamat, cyclaminsyre",Kunstigt sødemiddel,"Ikke godkendt til brug i USA siden 1970 pga. dengang mistænkt kræftrisiko hos dyr; senere forskning har ikke bekræftet kræftrisiko hos mennesker ved normalt forbrug, og EFSA har genbekræftet en ADI (7 mg/kg kropsvægt/dag) i EU.",,https://www.efsa.europa.eu/en/efsajournal/pub/3919,EFSA (2020)
E953,Isomalt,Isomalt,"Sødemiddel, fyldstof (sukkeralkohol)","EU-krævet advarsel: ""kan have en afførende virkning ved stort indtag"" ved indtag over ca. 20-25 g/dag, som for andre sukkeralkoholer.",,https://www.efsa.europa.eu/en/efsajournal/pub/6935,EFSA (2020)
E954,"Saccharin and its Na, K and Ca salts",Saccharin,Kunstigt sødemiddel,"I 1970'erne blev saccharin mistænkt for at give blærekræft hos rotter i forsøg med meget høje doser. Senere forskning viste, at mekanismen (dannelse af krystaller i rotteurin, som irriterer blæren) er artsspecifik for rotter og ikke relevant for mennesker. Saccharin blev fjernet fra USA's liste over mistænkte kræftfremkaldende stoffer i 2000 og er fortsat EU-godkendt.",,https://www.efsa.europa.eu/en/efsajournal/pub/5657,EFSA (2019)
E955,Sucralose,Sucralose,Kunstigt sødemiddel,Ingen dokumenteret kræftrisiko hos mennesker ved normalt forbrug. EFSA har genbekræftet en ADI på 15 mg/kg kropsvægt/dag efter fuld re-evaluering.,,https://www.efsa.europa.eu/en/efsajournal/pub/6237,EFSA (2016)
E957,Thaumatin,Thaumatin,"Sødemiddel, smagsforstærker","Ingen dokumenteret EU-specifik advarsel; naturligt protein udvundet af den vestafrikanske frugt katemfe, vurderet sikkert.",,https://www.efsa.europa.eu/en/efsajournal/pub/6435,EFSA (2021)
E959,Neohesperidine DC,"Neohesperidin DC, neohesperidin dihydrochalcon",Kunstigt sødemiddel,"Ingen dokumenteret EU-specifik advarsel; fremstillet af citrusfrugtskal, vurderes sikkert inden for fastsat ADI.",,https://www.efsa.europa.eu/en/efsajournal/pub/4123,EFSA (2015)
E960,"Steviol glycosides, steviol glycosides from fermentation, enzymatically produced steviol glycosides","Steviolglycosider, stevia-udtræk",Naturligt sødemiddel,Ingen dokumenteret EU-specifik advarsel ved normalt forbrug. EFSA hævede i 2024 ADI'en for steviol (udtrykt som steviolækvivalent) i forbindelse med udvidet godkendelse af flere fremstillingsmetoder (bl.a. fermentering og enzymatisk fremstilling).,,https://efsa.onlinelibrary.wiley.com/doi/10.2903/j.efsa.2024.9045,EFSA (2024)
E961,Neotame,Neotam,Kunstigt sødemiddel,"Ingen dokumenteret EU-specifik advarsel; kemisk beslægtet med aspartam, men uden phenylalanin-mærkningskrav da mængden i det færdige produkt er for lille til at udgøre en risiko for PKU-patienter.",,https://www.efsa.europa.eu/en/efsajournal/pub/4361,EFSA (2016)
E962,Salt of aspartame-acesulfame,Aspartam-acesulfamsalt,Kunstigt sødemiddel,"Indeholder aspartam og skal derfor mærkes med advarslen om phenylalanin (relevant for PKU-patienter), på linje med E951.",,https://www.efsa.europa.eu/en/efsajournal/pub/4361,EFSA
E964,Polyglycitol syrup,Polyglycitolsirup,"Sødemiddel, fyldstof (sukkeralkohol)","EU-krævet advarsel: ""kan have en afførende virkning ved stort indtag"", som for andre sukkeralkoholer.",,https://food.ec.europa.eu/food-safety/food-improvement-agents/additives/database_en,Europa-Kommissionen
E965,"Maltitol, maltitol syrup","Maltitol, maltitolsirup","Sødemiddel, fyldstof (sukkeralkohol)","EU-krævet advarsel: ""kan have en afførende virkning ved stort indtag"" ved indtag over ca. 20-30 g/dag.",,https://www.efsa.europa.eu/en/efsajournal/pub/6208,EFSA (2020)
E966,Lactitol,Lactitol,"Sødemiddel, fyldstof (sukkeralkohol)","EU-krævet advarsel: ""kan have en afførende virkning ved stort indtag"" ved indtag over ca. 20 g/dag.",,https://www.efsa.europa.eu/en/efsajournal/pub/6327,EFSA (2020)
E967,Xylitol,Xylitol,"Sødemiddel, fugtighedsbevarende (sukkeralkohol)","EU-krævet advarsel: ""kan have en afførende virkning ved stort indtag"" ved indtag over ca. 20 g/dag. Bemærk: xylitol er stærkt giftigt for hunde og bør holdes væk fra kæledyr.",,https://www.efsa.europa.eu/en/efsajournal/pub/6339,EFSA (2020)
E968,Erythritol,Erythritol,"Sødemiddel, fugtighedsbevarende (sukkeralkohol)","EU-krævet advarsel: ""kan have en afførende virkning ved stort indtag"" ved indtag over ca. 40-50 g/dag. Et observationsstudie fra Cleveland Clinic (2023, Nature Medicine) fandt en sammenhæng mellem højt erythritol-niveau i blodet og øget risiko for hjerte-kar-hændelser (blodprop, slagtilfælde) samt øget aktivering af blodplader i laboratorieforsøg. Der er tale om en påvist sammenhæng (association), ikke et bevist årsagsforhold.","EFSA, den amerikanske FDA og øvrige fødevaremyndigheder havde ved seneste kendte status ikke ændret deres sikkerhedsvurdering af erythritol som følge af studiet, men opfordrer til yderligere forskning i sammenhængen mellem sukkeralkoholer og hjerte-kar-sundhed.",https://www.nih.gov/news-events/nih-research-matters/erythritol-cardiovascular-events,Cleveland Clinic / Nature Medicine (2023)
E969,Advantame,Advantam,Kunstigt sødemiddel,"Ingen dokumenteret EU-specifik advarsel; kemisk beslægtet med aspartam, men uden phenylalanin-mærkningskrav da mængden i det færdige produkt er for lille til at udgøre en risiko for PKU-patienter.",,https://www.efsa.europa.eu/en/efsajournal/pub/3301,EFSA (2013)
E999,Quillaia extract,Quillaia-ekstrakt,Skummemiddel,"Ingen dokumenteret EU-specifik advarsel; naturligt ekstrakt fra sæbebarktræets bark, anvendes bl.a. i drikkevarer. Vurderes sikkert inden for fastsat ADI.",,https://www.efsa.europa.eu/en/efsajournal/pub/6423,EFSA (2021)
E1000,Cholic acid,Galdesyre,Skumnings- og bæremiddel (bl.a. i modermælkserstatning og æggeprodukter),Ingen dokumenteret EU-specifik advarsel; vurderes sikkert inden for fastsat ADI.,EFSA har vurderet cholic acid som sikkert til de godkendte anvendelser og fastsat betingelser for brug i bl.a. modermælkserstatning.,https://en.wikipedia.org/wiki/Cholic_acid,EFSA (Den Europæiske Fødevaresikkerhedsautoritet)
E1101,Proteases (i) Protease NP; (ii) Protease P; (iii) Protease FP,Proteaser,"Fødevareenzym til nedbrydning af proteiner (bl.a. i bagning, ostefremstilling og kødmørning)","Ingen dokumenteret EU-specifik advarsel; enzymet fjernes eller inaktiveres typisk i den færdige fødevare. Kan i sjældne tilfælde stamme fra allergene kilder (fx svin), hvilket bør fremgå af mærkning.",Fødevareenzymer godkendes under EU's enzymforordning (EF) nr. 1332/2008 efter EFSA's sikkerhedsvurdering af det konkrete produktionsmikroorganisme/-kilde.,https://world.openfoodfacts.org/additive/en:e1101-protease,EFSA / EU-Kommissionen
E1102,Glucose oxidase,Glucoseoxidase,Fødevareenzym anvendt som antioxidant og forbedringsmiddel i bagning,Ingen dokumenteret EU-specifik advarsel; vurderes sikkert til de godkendte anvendelser.,EFSA har vurderet flere glucoseoxidase-præparater fra mikrobiel oprindelse (bl.a. Aspergillus oryzae) som sikre til brug i bageriprodukter.,https://world.openfoodfacts.org/additive/en:e1102-glucose-oxidase,EFSA (Den Europæiske Fødevaresikkerhedsautoritet)
E1103,Invertase,Invertase,Fødevareenzym der spalter sukrose til druesukker og frugtsukker (bl.a. i konfekture med flydende fyld),Ingen dokumenteret EU-specifik advarsel; vurderes sikkert inden for godkendt anvendelse.,Invertase har været anvendt i fødevareproduktion i mange år og er vurderet uproblematisk af fødevaremyndigheder.,https://en.wikipedia.org/wiki/Invertase,EU-Kommissionen / EFSA
E1104,Lipases,Lipaser,Fødevareenzym til nedbrydning af fedtstoffer (bl.a. i ost- og bagerivarer),"Ingen dokumenteret EU-specifik advarsel. Enzymet kan stamme fra animalsk kilde (fx svinebugspytkirtel), hvilket er relevant for personer med religiøse eller etiske kostkrav, men ikke en sundhedsrisiko.","Fødevareenzymer af animalsk, planteb aseret eller mikrobiel oprindelse godkendes individuelt af EFSA under enzymforordningen.",https://us.openfoodfacts.org/facets/additives/e1104-lipase,EFSA / EU-Kommissionen
E1105,Lysozyme,Lysozym,Konserveringsmiddel/enzym der hæmmer bakterievækst (bl.a. i modne oste som Grana Padano),Udvindes fra æggehvide og er relevant som ALLERGEN for personer med ægallergi. Skal mærkes som æg-afledt ingrediens.,"Lysozym er en af de få tilsætningsstoffer i dette nummerområde med en veldokumenteret, specifik allergirisiko (æg), anerkendt af EFSA og fødevaremyndigheder.",https://en.wikipedia.org/wiki/Lysozyme,EFSA / Fødevarestyrelsen (allergenliste)
E1200,Polydextrose,Polydextrose,Fyldstof og stabilisator med lavt kalorieindhold; kilde til kostfiber i light-produkter,"Store mængder kan give afføringspåvirkning (mild afførende effekt/oppustethed) som ved andre polyoler og fibre, i øvrigt ingen specifik EU-advarsel inden for ADI.",EFSA genvurderede polydextrose og bekræftede sikkerheden ved de godkendte anvendelser uden behov for at ændre ADI.,https://www.ncbi.nlm.nih.gov/pmc/articles/PMC7792022/,EFSA (Den Europæiske Fødevaresikkerhedsautoritet)
E1201,Polyvinylpyrrolidone,Polyvinylpyrrolidon (PVP),"Bæremiddel og stabilisator, primært i kosttilskud og farvestofpræparater",Ingen dokumenteret EU-specifik advarsel; stoffet optages ikke i kroppen og vurderes sikkert inden for fastsat ADI.,EFSA har vurderet PVP som sikkert som bærestof i kosttilskud og farveblandinger.,https://en.wikipedia.org/wiki/Polyvinylpyrrolidone,EFSA / EU-Kommissionen
E1202,Polyvinylpolypyrrolidone,Polyvinylpolypyrrolidon (PVPP),"Klaringsmiddel, især i øl og vin","Ingen dokumenteret EU-specifik advarsel; stoffet er uopløseligt og fjernes ved filtrering, så det stort set ikke findes i det færdige produkt.",Vurderet sikkert af EFSA som teknologisk hjælpestof/tilsætningsstof til klaring af drikkevarer.,https://en.wikipedia.org/wiki/Crospovidone,EFSA / EU-Kommissionen
E1203,Polyvinyl alcohol,Polyvinylalkohol (PVA),Overtræksmiddel til kosttilskud (kapsler og tabletter),Ingen dokumenteret EU-specifik advarsel; vurderes sikkert inden for fastsat ADI og godkendt kun til overfladebehandling af kosttilskud.,EFSA har vurderet PVA som sikkert som overtræksmiddel med en fastsat gruppe-ADI sammen med beslægtede polymerer.,https://en.wikipedia.org/wiki/Polyvinyl_alcohol,EFSA (Den Europæiske Fødevaresikkerhedsautoritet)
E1204,Pullulan,Pullulan,Overtræksmiddel til kosttilskud og til spiselige folier/film (bl.a. mundhygiejnestrimler),Ingen dokumenteret EU-specifik advarsel; vurderes sikkert inden for fastsat ADI.,"EFSA har vurderet pullulan, et polysaccharid dannet af svampen Aureobasidium pullulans, som sikkert til de godkendte anvendelser.",https://en.wikipedia.org/wiki/Pullulan,EFSA (Den Europæiske Fødevaresikkerhedsautoritet)
E1205,Basic methacrylate copolymer,Basisk methacrylatcopolymer,Overtræksmiddel til kosttilskud (film/kapselovertræk),"Ingen dokumenteret EU-specifik advarsel; kun godkendt til overfladebehandling af kosttilskud, ikke almindelige fødevarer.",EFSA har vurderet methacrylatcopolymererne (E1205-E1207) som sikre til brug som overtræk på kosttilskud inden for fastsatte grænser.,https://en.wikipedia.org/wiki/Methacrylate_copolymer,EFSA (Den Europæiske Fødevaresikkerhedsautoritet)
E1206,Neutral methacrylate copolymer,Neutral methacrylatcopolymer,Overtræksmiddel til kosttilskud (film/kapselovertræk),Ingen dokumenteret EU-specifik advarsel; kun godkendt til overfladebehandling af kosttilskud.,Del af samme EFSA-vurdering og godkendelse (forordning 816/2013) som de øvrige methacrylatcopolymerer.,https://en.wikipedia.org/wiki/Methacrylate_copolymer,EFSA (Den Europæiske Fødevaresikkerhedsautoritet)
E1207,Anionic methacrylate copolymer,Anionisk methacrylatcopolymer,Overtræksmiddel til kosttilskud (film/kapselovertræk),Ingen dokumenteret EU-specifik advarsel; kun godkendt til overfladebehandling af kosttilskud.,Del af samme EFSA-vurdering og godkendelse (forordning 816/2013) som de øvrige methacrylatcopolymerer.,https://en.wikipedia.org/wiki/Methacrylate_copolymer,EFSA (Den Europæiske Fødevaresikkerhedsautoritet)
E1208,Polyvinylpyrrolidone-vinyl acetate copolymer,Polyvinylpyrrolidon-vinylacetat-copolymer,Bæremiddel/overtræksmiddel i kosttilskud og farvestofpræparater,Ingen dokumenteret EU-specifik advarsel; vurderes sikkert inden for fastsat ADI og godkendte anvendelser.,Godkendt ved forordning (EU) nr. 264/2014 efter EFSA's sikkerhedsvurdering.,https://en.wikipedia.org/wiki/Copovidone,EFSA / EU-Kommissionen
E1209,Polyvinyl alcohol-polyethylene glycol-graft-copolymer,Polyvinylalkohol-polyethylenglycol-podet copolymer,Overtræksmiddel til kosttilskud (film/kapselovertræk),Ingen dokumenteret EU-specifik advarsel; kun godkendt til overfladebehandling af kosttilskud.,Godkendt ved forordning (EU) nr. 685/2014 efter EFSA's sikkerhedsvurdering.,https://en.wikipedia.org/wiki/Polyvinyl_alcohol,EFSA / EU-Kommissionen
E1404,Oxidised starch,Oxideret stivelse,Modificeret stivelse anvendt som fortykningsmiddel og stabilisator i mange forarbejdede fødevarer,"Ingen dokumenteret EU-specifik advarsel ud over meget sjælden fordøjelsesmæssig følsomhed; vurderes sikkert inden for fastsat ADI (\quantum satis\"").""","EFSA's genvurdering af de 12 modificerede stivelser (E1404-E1452) i 2017 bekræftede, at de er sikre ved de nuværende anvendelser uden behov for numerisk ADI.",https://www.ncbi.nlm.nih.gov/pmc/articles/PMC7009865/,EFSA (2017)
E1410,Monostarch phosphate,Monostivelsesphosphat,Modificeret stivelse anvendt som fortykningsmiddel og stabilisator,Ingen dokumenteret EU-specifik advarsel ud over meget sjælden fordøjelsesmæssig følsomhed; vurderes sikkert inden for fastsat ADI.,"Omfattet af EFSA's samlede genvurdering (2017) af modificerede stivelser E1404-E1452, som bekræftede sikkerheden.",https://www.ncbi.nlm.nih.gov/pmc/articles/PMC7009865/,EFSA (2017)
E1412,Distarch phosphate,Distivelsesphosphat,Modificeret stivelse anvendt som fortykningsmiddel og stabilisator,Ingen dokumenteret EU-specifik advarsel ud over meget sjælden fordøjelsesmæssig følsomhed; vurderes sikkert inden for fastsat ADI.,"Omfattet af EFSA's samlede genvurdering (2017) af modificerede stivelser E1404-E1452, som bekræftede sikkerheden.",https://www.ncbi.nlm.nih.gov/pmc/articles/PMC7009865/,EFSA (2017)
E1413,Phosphated distarch phosphate,Phosphateret distivelsesphosphat,Modificeret stivelse anvendt som fortykningsmiddel og stabilisator,Ingen dokumenteret EU-specifik advarsel ud over meget sjælden fordøjelsesmæssig følsomhed; vurderes sikkert inden for fastsat ADI.,"Omfattet af EFSA's samlede genvurdering (2017) af modificerede stivelser E1404-E1452, som bekræftede sikkerheden.",https://www.ncbi.nlm.nih.gov/pmc/articles/PMC7009865/,EFSA (2017)
E1414,Acetylated distarch phosphate,Acetyleret distivelsesphosphat,Modificeret stivelse anvendt som fortykningsmiddel og stabilisator,Ingen dokumenteret EU-specifik advarsel ud over meget sjælden fordøjelsesmæssig følsomhed; vurderes sikkert inden for fastsat ADI.,"Omfattet af EFSA's samlede genvurdering (2017) af modificerede stivelser E1404-E1452, som bekræftede sikkerheden.",https://www.ncbi.nlm.nih.gov/pmc/articles/PMC7009865/,EFSA (2017)
E1420,Acetylated starch,Acetyleret stivelse,Modificeret stivelse anvendt som fortykningsmiddel og stabilisator,Ingen dokumenteret EU-specifik advarsel ud over meget sjælden fordøjelsesmæssig følsomhed; vurderes sikkert inden for fastsat ADI.,"Omfattet af EFSA's samlede genvurdering (2017) af modificerede stivelser E1404-E1452, som bekræftede sikkerheden.",https://www.ncbi.nlm.nih.gov/pmc/articles/PMC7009865/,EFSA (2017)
E1422,Acetylated distarch adipate,Acetyleret distivelsesadipat,Modificeret stivelse anvendt som fortykningsmiddel og stabilisator,Ingen dokumenteret EU-specifik advarsel ud over meget sjælden fordøjelsesmæssig følsomhed; vurderes sikkert inden for fastsat ADI.,"Omfattet af EFSA's samlede genvurdering (2017) af modificerede stivelser E1404-E1452, som bekræftede sikkerheden.",https://www.ncbi.nlm.nih.gov/pmc/articles/PMC7009865/,EFSA (2017)
E1440,Hydroxypropyl starch,Hydroxypropylstivelse,Modificeret stivelse anvendt som fortykningsmiddel og stabilisator,Ingen dokumenteret EU-specifik advarsel ud over meget sjælden fordøjelsesmæssig følsomhed; vurderes sikkert inden for fastsat ADI.,"Omfattet af EFSA's samlede genvurdering (2017) af modificerede stivelser E1404-E1452, som bekræftede sikkerheden.",https://www.ncbi.nlm.nih.gov/pmc/articles/PMC7009865/,EFSA (2017)
E1442,Hydroxypropyl distarch phosphate,Hydroxypropyl-distivelsesphosphat,Modificeret stivelse anvendt som fortykningsmiddel og stabilisator,Ingen dokumenteret EU-specifik advarsel ud over meget sjælden fordøjelsesmæssig følsomhed; vurderes sikkert inden for fastsat ADI.,"Omfattet af EFSA's samlede genvurdering (2017) af modificerede stivelser E1404-E1452, som bekræftede sikkerheden.",https://www.ncbi.nlm.nih.gov/pmc/articles/PMC7009865/,EFSA (2017)
E1450,Starch sodium octenyl succinate,Stivelsesnatriumoctenylsuccinat,"Modificeret stivelse anvendt som emulgator, fortykningsmiddel og indkapslingsmiddel (bl.a. til aromaer)",Ingen dokumenteret EU-specifik advarsel ud over meget sjælden fordøjelsesmæssig følsomhed; vurderes sikkert inden for fastsat ADI.,"Omfattet af EFSA's samlede genvurdering (2017) af modificerede stivelser E1404-E1452, som bekræftede sikkerheden.",https://www.ncbi.nlm.nih.gov/pmc/articles/PMC7009865/,EFSA (2017)
E1451,Acetylated oxidised starch,Acetyleret oxideret stivelse,Modificeret stivelse anvendt som fortykningsmiddel og stabilisator,Ingen dokumenteret EU-specifik advarsel ud over meget sjælden fordøjelsesmæssig følsomhed; vurderes sikkert inden for fastsat ADI.,"Omfattet af EFSA's samlede genvurdering (2017) af modificerede stivelser E1404-E1452, som bekræftede sikkerheden.",https://www.ncbi.nlm.nih.gov/pmc/articles/PMC7009865/,EFSA (2017)
E1452,Starch aluminium octenyl succinate,Stivelsesaluminiumoctenylsuccinat,"Modificeret stivelse anvendt som indkapslingsmiddel, primært til vitamintilskud og aromaer","Indeholder aluminium; EFSA har af forsigtighedshensyn fastsat en anvendelsesbegrænsning for at holde det samlede aluminiumindtag under den fastsatte tolerable ugentlige indtagelse (TWI), i øvrigt ingen anden specifik advarsel.","Omfattet af EFSA's samlede genvurdering (2017) af modificerede stivelser E1404-E1452, som blandt andet vurderede aluminiumbidraget fra E1452 op mod EFSA's TWI for aluminium.",https://www.ncbi.nlm.nih.gov/pmc/articles/PMC7009865/,EFSA (2017)
E1505,Triethyl citrate,Triethylcitrat,Bæremiddel og skumstabilisator (bl.a. i æggehvideprodukter og aromaer),Ingen dokumenteret EU-specifik advarsel; vurderes sikkert inden for fastsat ADI.,EFSA har vurderet triethylcitrat som sikkert til de godkendte anvendelser som bærestof og skumstabilisator.,https://en.wikipedia.org/wiki/Triethyl_citrate,EFSA (Den Europæiske Fødevaresikkerhedsautoritet)
E1517,Glyceryl diacetate,Glyceryldiacetat (diacetin),Bæremiddel og opløsningsmiddel for aromaer og andre tilsætningsstoffer,Ingen dokumenteret EU-specifik advarsel; vurderes sikkert inden for fastsat ADI.,EFSA har vurderet diacetin som sikkert som bærestof/opløsningsmiddel for aromastoffer.,https://en.wikipedia.org/wiki/Diacetin,EFSA (Den Europæiske Fødevaresikkerhedsautoritet)
E1518,Glyceryl triacetate,Glyceryltriacetat (triacetin),"Bæremiddel, opløsningsmiddel og fugtighedsbevarende middel (bl.a. i tyggegummi og aromaer)",Ingen dokumenteret EU-specifik advarsel; vurderes sikkert inden for fastsat ADI.,EFSA har vurderet triacetin som sikkert til de godkendte anvendelser som bærestof og fugtighedsbevarende middel.,https://en.wikipedia.org/wiki/Triacetin,EFSA (Den Europæiske Fødevaresikkerhedsautoritet)
E1519,Benzyl alcohol,Benzylalkohol,Opløsningsmiddel og bæremiddel for aromaer,"Ingen dokumenteret EU-specifik advarsel ved normalt fødevareindtag inden for fastsat ADI; benzylalkohol kan i høje koncentrationer virke irriterende på slimhinder, men det er ikke en dokumenteret risiko ved godkendt brug som fødevaretilsætning.",EFSA har fastsat en gruppe-ADI for benzylalkohol og beslægtede stoffer og vurderet brugen som bærestof for aromaer som sikker.,https://en.wikipedia.org/wiki/Benzyl_alcohol,EFSA (Den Europæiske Fødevaresikkerhedsautoritet)
E1520,Propylene glycol,"Propylenglycol (propan-1,2-diol)","Opløsningsmiddel, bæremiddel og fugtighedsbevarende middel (bl.a. i aromaer og farvestofpræparater)","EFSA har i sin genvurdering fastsat en specifik ADI (efter nedjustering i 2018) og strammet nogle anvendelsesgrænser, da indtaget for visse befolkningsgrupper lå tæt på/over ADI ved høj brug; ved normalt fødevareforbrug inden for de godkendte grænser vurderes stoffet dog sikkert.",EFSA's genvurdering fra 2018 førte til reviderede maksimumgrænser for propylenglycol i flere fødevarekategorier for at sikre overholdelse af ADI.,https://en.wikipedia.org/wiki/Propylene_glycol,EFSA (2018)
E1521,Polyethylene glycol,Polyethylenglycol (PEG),"Overtræks- og bæremiddel, primært anvendt i kosttilskud",Ingen dokumenteret EU-specifik advarsel ved godkendt brug som overtræksmiddel på kosttilskud; vurderes sikkert inden for fastsat ADI.,EFSA har vurderet polyethylenglycol som sikkert som overtræksmiddel til kosttilskud inden for den fastsatte ADI.,https://en.wikipedia.org/wiki/Polyethylene_glycol,EFSA (Den Europæiske Fødevaresikkerhedsautoritet)
